Date,CNY
2008-01-02,160.18
2008-01-03,160.39
2008-01-04,160.87
2008-01-07,160.82
2008-01-08,160.86
2008-01-09,161.01
2008-01-10,161.15
2008-01-11,161.00
2008-01-14,161.10
2008-01-15,161.31
2008-01-16,161.37
2008-01-17,161.78
2008-01-18,161.54
2008-01-21,161.66
2008-01-22,161.85
2008-01-23,161.80
2008-01-24,161.96
2008-01-25,162.07
2008-01-28,162.50
2008-01-29,162.48
2008-01-30,162.87
2008-01-31,162.92
2008-02-01,163.14
2008-02-04,163.13
2008-02-05,163.13
2008-02-06,163.10
2008-02-07,162.99
2008-02-11,162.97
2008-02-12,162.91
2008-02-13,162.92
2008-02-14,162.71
2008-02-15,162.94
2008-02-18,163.13
2008-02-19,163.50
2008-02-20,163.74
2008-02-21,163.82
2008-02-22,163.97
2008-02-25,164.04
2008-02-26,163.89
2008-02-27,163.76
2008-02-28,164.01
2008-02-29,164.69
2008-03-03,164.95
2008-03-04,164.97
2008-03-05,164.89
2008-03-06,164.94
2008-03-07,164.86
2008-03-10,164.97
2008-03-11,164.89
2008-03-12,165.01
2008-03-13,164.97
2008-03-14,165.17
2008-03-17,165.46
2008-03-18,165.40
2008-03-19,165.27
2008-03-20,165.63
2008-03-21,165.75
2008-03-24,165.72
2008-03-25,165.71
2008-03-26,165.76
2008-03-27,166.29
2008-03-28,166.57
2008-03-31,166.58
2008-04-01,166.55
2008-04-02,166.55
2008-04-03,166.42
2008-04-04,166.45
2008-04-07,166.40
2008-04-08,166.76
2008-04-09,166.77
2008-04-10,166.73
2008-04-11,166.96
2008-04-14,166.75
2008-04-15,166.72
2008-04-16,166.80
2008-04-17,166.79
2008-04-18,167.05
2008-04-21,166.66
2008-04-22,166.57
2008-04-23,166.78
2008-04-24,166.84
2008-04-25,166.58
2008-04-28,166.26
2008-04-29,166.29
2008-04-30,166.71
2008-05-01,166.59
2008-05-02,166.69
2008-05-05,166.62
2008-05-06,166.63
2008-05-07,166.62
2008-05-08,166.62
2008-05-09,166.26
2008-05-12,166.52
2008-05-13,166.56
2008-05-14,166.54
2008-05-15,166.27
2008-05-16,166.35
2008-05-19,166.48
2008-05-20,166.60
2008-05-21,166.61
2008-05-22,167.05
2008-05-23,167.36
2008-05-26,167.42
2008-05-27,167.50
2008-05-28,167.31
2008-05-29,167.28
2008-05-30,167.41
2008-06-02,167.24
2008-06-03,167.42
2008-06-04,167.58
2008-06-05,167.16
2008-06-06,167.10
2008-06-09,167.55
2008-06-10,167.54
2008-06-11,167.44
2008-06-12,167.46
2008-06-13,167.77
2008-06-16,167.83
2008-06-17,167.90
2008-06-18,168.13
2008-06-19,168.34
2008-06-20,168.43
2008-06-23,168.38
2008-06-24,168.49
2008-06-25,168.67
2008-06-26,168.67
2008-06-27,168.78
2008-06-30,168.78
2008-07-01,168.85
2008-07-02,168.80
2008-07-03,168.57
2008-07-04,168.89
2008-07-07,168.69
2008-07-08,168.56
2008-07-09,168.85
2008-07-10,168.71
2008-07-14,169.05
2008-07-15,169.23
2008-07-16,169.50
2008-07-17,169.87
2008-07-18,169.52
2008-07-21,169.62
2008-07-22,169.31
2008-07-23,169.50
2008-07-24,169.31
2008-07-25,169.23
2008-07-28,169.41
2008-07-29,169.19
2008-07-30,169.13
2008-07-31,169.03
2008-08-01,169.10
2008-08-04,168.73
2008-08-05,168.33
2008-08-06,168.41
2008-08-07,168.57
2008-08-08,168.17
2008-08-11,168.14
2008-08-12,168.14
2008-08-13,168.09
2008-08-14,168.08
2008-08-15,168.05
2008-08-18,167.75
2008-08-19,167.63
2008-08-20,167.80
2008-08-21,168.04
2008-08-22,168.30
2008-08-25,168.54
2008-08-26,168.29
2008-08-27,167.98
2008-08-28,168.32
2008-08-29,168.54
2008-09-01,168.22
2008-09-02,168.59
2008-09-03,168.01
2008-09-04,167.98
2008-09-05,167.96
2008-09-08,167.96
2008-09-09,167.95
2008-09-10,167.92
2008-09-11,168.00
2008-09-12,167.72
2008-09-15,167.74
2008-09-16,167.88
2008-09-17,167.86
2008-09-18,167.76
2008-09-19,167.74
2008-09-22,167.84
2008-09-23,168.05
2008-09-24,168.08
2008-09-25,168.11
2008-09-26,168.09
2008-09-29,167.47
2008-09-30,167.43
2008-10-01,167.43
2008-10-02,167.39
2008-10-03,167.39
2008-10-06,167.36
2008-10-07,167.03
2008-10-08,167.81
2008-10-09,167.97
2008-10-10,167.88
2008-10-13,167.48
2008-10-14,167.64
2008-10-15,167.39
2008-10-16,167.50
2008-10-17,167.54
2008-10-20,167.49
2008-10-21,167.53
2008-10-22,167.36
2008-10-23,167.30
2008-10-24,167.34
2008-10-27,167.01
2008-10-28,167.02
2008-10-29,167.27
2008-10-30,167.25
2008-10-31,167.34
2008-11-03,167.38
2008-11-04,167.47
2008-11-05,167.59
2008-11-06,167.58
2008-11-07,167.81
2008-11-10,167.98
2008-11-11,168.50
2008-11-12,169.84
2008-11-13,169.65
2008-11-14,169.53
2008-11-17,169.60
2008-11-18,169.60
2008-11-19,169.53
2008-11-20,169.54
2008-11-21,169.72
2008-11-24,169.79
2008-11-25,170.40
2008-11-26,170.89
2008-11-27,170.89
2008-11-28,171.43
2008-12-01,172.70
2008-12-02,172.02
2008-12-03,173.51
2008-12-04,174.84
2008-12-05,175.97
2008-12-08,177.85
2008-12-09,179.07
2008-12-10,178.34
2008-12-11,178.88
2008-12-12,179.05
2008-12-15,179.86
2008-12-16,179.75
2008-12-17,179.81
2008-12-18,179.76
2008-12-19,181.33
2008-12-22,180.74
2008-12-23,181.50
2008-12-24,180.96
2008-12-25,182.01
2008-12-26,183.14
2008-12-29,182.56
2008-12-30,184.43
2008-12-31,185.25
2009-01-02,186.44
2009-01-05,187.54
2009-01-06,188.40
2009-01-07,189.36
2009-01-08,191.72
2009-01-09,190.29
2009-01-12,191.13
2009-01-13,190.88
2009-01-14,192.82
2009-01-15,195.03
2009-01-16,198.94
2009-01-19,198.05
2009-01-20,200.49
2009-01-21,200.75
2009-01-22,200.48
2009-01-23,199.89
2009-01-26,200.31
2009-01-27,200.75
2009-01-28,200.60
2009-01-29,201.06
2009-01-30,202.01
2009-02-02,201.90
2009-02-03,203.22
2009-02-04,204.63
2009-02-05,208.00
2009-02-06,208.42
2009-02-09,209.19
2009-02-10,209.45
2009-02-11,209.43
2009-02-12,209.90
2009-02-13,211.30
2009-02-16,211.24
2009-02-17,213.37
2009-02-18,213.50
2009-02-19,214.38
2009-02-20,215.30
2009-02-23,215.14
2009-02-24,215.21
2009-02-25,214.99
2009-03-02,218.97
2009-03-03,224.01
2009-03-04,226.11
2009-03-05,227.22
2009-03-06,227.80
2009-03-09,228.51
2009-03-10,229.49
2009-03-11,230.10
2009-03-12,230.04
2009-03-13,230.90
2009-03-16,230.18
2009-03-17,230.36
2009-03-18,231.93
2009-03-19,232.71
2009-03-20,232.19
2009-03-23,230.95
2009-03-24,230.76
2009-03-25,230.83
2009-03-26,230.44
2009-03-27,227.55
2009-03-30,225.30
2009-03-31,222.94
2009-04-01,219.39
2009-04-02,217.63
2009-04-03,215.59
2009-04-06,211.11
2009-04-07,206.70
2009-04-08,206.78
2009-04-09,206.82
2009-04-10,207.57
2009-04-13,207.43
2009-04-14,207.60
2009-04-15,208.17
2009-04-16,208.06
2009-04-17,208.40
2009-04-20,208.40
2009-04-21,208.33
2009-04-22,208.36
2009-04-23,208.38
2009-04-24,207.87
2009-04-27,208.68
2009-04-28,208.51
2009-04-29,208.50
2009-04-30,208.61
2009-05-01,208.77
2009-05-04,208.77
2009-05-05,208.73
2009-05-06,208.68
2009-05-07,208.44
2009-05-08,208.48
2009-05-11,208.63
2009-05-12,208.48
2009-05-13,208.45
2009-05-14,208.48
2009-05-15,208.54
2009-05-18,208.30
2009-05-19,208.46
2009-05-20,208.32
2009-05-21,208.41
2009-05-22,208.44
2009-05-25,208.80
2009-05-26,209.19
2009-05-27,209.36
2009-05-28,209.07
2009-05-29,209.19
2009-06-02,209.13
2009-06-03,209.01
2009-06-04,208.78
2009-06-05,208.79
2009-06-08,208.82
2009-06-09,208.47
2009-06-10,208.71
2009-06-11,208.88
2009-06-12,208.84
2009-06-15,208.99
2009-06-16,208.66
2009-06-17,208.84
2009-06-18,208.78
2009-06-19,208.98
2009-06-22,208.90
2009-06-23,209.08
2009-06-24,209.14
2009-06-25,209.38
2009-06-26,209.70
2009-06-29,209.78
2009-06-30,210.08
2009-07-01,210.14
2009-07-02,210.30
2009-07-03,210.38
2009-07-06,210.45
2009-07-07,210.62
2009-07-08,210.94
2009-07-09,211.06
2009-07-10,211.06
2009-07-14,211.00
2009-07-15,211.15
2009-07-16,211.19
2009-07-17,211.43
2009-07-20,211.65
2009-07-21,211.90
2009-07-22,212.13
2009-07-23,212.42
2009-07-24,212.61
2009-07-27,212.74
2009-07-28,212.81
2009-07-29,212.89
2009-07-30,212.95
2009-07-31,212.97
2009-08-03,212.91
2009-08-04,212.87
2009-08-05,212.78
2009-08-06,212.58
2009-08-07,212.21
2009-08-10,212.20
2009-08-11,212.16
2009-08-12,212.00
2009-08-13,211.98
2009-08-14,211.83
2009-08-17,211.90
2009-08-18,211.90
2009-08-19,211.87
2009-08-20,211.78
2009-08-21,211.65
2009-08-24,211.45
2009-08-25,211.06
2009-08-26,210.74
2009-08-27,210.39
2009-08-28,209.82
2009-08-31,209.20
2009-09-01,208.31
2009-09-02,207.85
2009-09-03,207.75
2009-09-04,207.34
2009-09-07,207.10
2009-09-08,207.03
2009-09-09,207.11
2009-09-10,206.98
2009-09-11,207.02
2009-09-14,207.07
2009-09-15,207.21
2009-09-16,207.39
2009-09-17,207.64
2009-09-18,207.84
2009-09-21,207.76
2009-09-22,207.97
2009-09-23,208.11
2009-09-24,208.23
2009-09-25,208.30
2009-09-28,208.49
2009-09-29,208.66
2009-09-30,208.85
2009-10-01,209.22
2009-10-02,209.82
2009-10-05,210.52
2009-10-06,211.14
2009-10-07,211.86
2009-10-08,212.61
2009-10-09,212.88
2009-10-12,212.73
2009-10-13,212.26
2009-10-14,211.64
2009-10-15,210.44
2009-10-16,210.09
2009-10-19,210.45
2009-10-20,210.84
2009-10-21,211.01
2009-10-22,210.98
2009-10-23,210.67
2009-10-26,210.28
2009-10-27,209.74
2009-10-28,209.17
2009-10-29,209.01
2009-10-30,208.63
2009-11-02,208.51
2009-11-03,208.54
2009-11-04,208.54
2009-11-05,208.53
2009-11-06,208.56
2009-11-09,208.55
2009-11-10,208.52
2009-11-11,208.54
2009-11-12,208.64
2009-11-13,208.95
2009-11-16,209.31
2009-11-17,209.92
2009-11-18,210.22
2009-11-19,210.26
2009-11-20,210.41
2009-11-23,210.78
2009-11-24,211.18
2009-11-25,211.67
2009-11-27,211.72
2009-11-30,211.80
2009-12-01,212.43
2009-12-02,212.81
2009-12-03,213.20
2009-12-04,213.35
2009-12-07,213.67
2009-12-08,213.76
2009-12-09,213.87
2009-12-10,213.94
2009-12-11,213.89
2009-12-14,213.55
2009-12-15,212.77
2009-12-16,211.77
2009-12-17,211.37
2009-12-18,210.79
2009-12-21,210.28
2009-12-22,209.65
2009-12-23,209.42
2009-12-24,209.61
2009-12-25,209.87
2009-12-28,210.05
2009-12-29,210.38
2009-12-30,210.90
2009-12-31,211.35
2010-01-04,211.74
2010-01-05,212.33
2010-01-06,212.79
2010-01-07,213.83
2010-01-08,214.39
2010-01-11,215.30
2010-01-12,215.43
2010-01-13,214.35
2010-01-14,214.15
2010-01-15,213.56
2010-01-18,213.08
2010-01-19,212.59
2010-01-20,212.13
2010-01-21,211.99
2010-01-22,211.90
2010-01-25,212.07
2010-01-26,212.22
2010-01-27,212.65
2010-01-28,212.94
2010-01-29,213.28
2010-02-01,213.23
2010-02-02,213.17
2010-02-03,213.12
2010-02-04,212.99
2010-02-05,213.16
2010-02-08,212.91
2010-02-09,212.55
2010-02-10,212.20
2010-02-11,211.89
2010-02-12,211.14
2010-02-15,210.68
2010-02-16,210.68
2010-02-17,210.68
2010-02-18,210.41
2010-02-19,210.45
2010-02-22,210.58
2010-02-23,210.65
2010-02-24,211.05
2010-02-25,211.68
2010-02-26,212.07
2010-03-01,212.38
2010-03-02,212.07
2010-03-03,211.80
2010-03-04,211.09
2010-03-05,209.52
2010-03-08,209.11
2010-03-09,209.11
2010-03-10,208.89
2010-03-11,208.60
2010-03-12,208.14
2010-03-15,208.04
2010-03-16,208.03
2010-03-17,207.85
2010-03-18,207.58
2010-03-19,207.36
2010-03-22,206.90
2010-03-23,205.85
2010-03-24,203.61
2010-03-25,201.50
2010-03-26,201.09
2010-03-29,200.73
2010-03-30,200.61
2010-03-31,200.28
2010-04-01,200.05
2010-04-02,199.90
2010-04-05,199.98
2010-04-06,199.99
2010-04-07,200.02
2010-04-08,200.33
2010-04-09,201.06
2010-04-12,202.65
2010-04-13,202.88
2010-04-14,202.96
2010-04-15,203.94
2010-04-16,205.32
2010-04-19,206.64
2010-04-20,206.38
2010-04-21,206.04
2010-04-22,205.15
2010-04-23,204.49
2010-04-26,202.59
2010-04-27,202.12
2010-04-28,201.49
2010-04-29,201.19
2010-04-30,201.05
2010-05-03,201.79
2010-05-04,202.80
2010-05-05,203.72
2010-05-06,204.21
2010-05-07,204.37
2010-05-10,203.27
2010-05-11,203.15
2010-05-12,202.98
2010-05-13,202.72
2010-05-14,202.63
2010-05-17,202.82
2010-05-18,203.08
2010-05-19,203.54
2010-05-20,203.93
2010-05-21,203.71
2010-05-24,203.54
2010-05-25,203.14
2010-05-26,202.93
2010-05-27,202.88
2010-05-28,202.83
2010-05-31,202.73
2010-06-02,202.64
2010-06-03,202.52
2010-06-04,202.62
2010-06-07,202.68
2010-06-08,202.67
2010-06-09,202.75
2010-06-10,202.88
2010-06-11,202.80
2010-06-14,202.49
2010-06-15,202.07
2010-06-16,202.07
2010-06-17,202.05
2010-06-18,202.16
2010-06-21,202.18
2010-06-22,202.91
2010-06-23,202.52
2010-06-24,202.36
2010-06-25,202.03
2010-06-28,201.97
2010-06-29,201.84
2010-06-30,201.42
2010-07-01,201.40
2010-07-02,201.41
2010-07-05,201.65
2010-07-06,201.77
2010-07-07,201.82
2010-07-08,201.86
2010-07-09,202.16
2010-07-14,202.16
2010-07-15,202.14
2010-07-16,201.77
2010-07-19,201.75
2010-07-20,201.68
2010-07-21,201.66
2010-07-22,201.65
2010-07-23,201.61
2010-07-26,201.34
2010-07-27,200.93
2010-07-28,200.72
2010-07-29,200.30
2010-07-30,200.14
2010-08-02,199.83
2010-08-03,199.62
2010-08-04,199.31
2010-08-05,199.00
2010-08-06,198.76
2010-08-09,198.44
2010-08-10,198.21
2010-08-11,197.60
2010-08-12,196.87
2010-08-13,195.66
2010-08-16,194.99
2010-08-17,194.42
2010-08-18,194.04
2010-08-19,193.73
2010-08-20,193.31
2010-08-23,192.88
2010-08-24,192.29
2010-08-25,192.00
2010-08-26,191.65
2010-08-27,191.14
2010-08-30,191.24
2010-08-31,191.37
2010-09-01,191.60
2010-09-02,192.18
2010-09-03,193.64
2010-09-06,195.17
2010-09-07,194.98
2010-09-08,194.50
2010-09-09,194.14
2010-09-10,194.49
2010-09-13,195.51
2010-09-14,196.19
2010-09-15,197.14
2010-09-16,198.01
2010-09-17,198.82
2010-09-20,198.70
2010-09-21,198.64
2010-09-22,198.03
2010-09-23,197.57
2010-09-24,197.75
2010-09-27,198.08
2010-09-28,198.48
2010-09-29,198.41
2010-09-30,198.16
2010-10-01,197.83
2010-10-04,197.34
2010-10-05,196.90
2010-10-06,196.63
2010-10-07,196.15
2010-10-08,196.56
2010-10-11,197.16
2010-10-12,197.25
2010-10-13,196.87
2010-10-14,196.62
2010-10-15,197.00
2010-10-18,197.02
2010-10-19,196.46
2010-10-20,195.87
2010-10-21,195.03
2010-10-22,194.91
2010-10-25,194.53
2010-10-26,193.96
2010-10-27,193.41
2010-10-28,192.49
2010-10-29,192.18
2010-11-01,192.26
2010-11-02,192.11
2010-11-03,192.02
2010-11-04,192.73
2010-11-05,192.43
2010-11-08,193.16
2010-11-09,192.30
2010-11-10,191.83
2010-11-11,192.99
2010-11-12,193.36
2010-11-15,192.43
2010-11-16,192.21
2010-11-17,192.43
2010-11-18,191.94
2010-11-19,191.77
2010-11-22,191.01
2010-11-23,190.14
2010-11-24,189.32
2010-11-25,188.73
2010-11-29,188.05
2010-11-30,187.09
2010-12-01,186.58
2010-12-02,186.08
2010-12-03,185.55
2010-12-06,185.10
2010-12-07,184.34
2010-12-08,183.06
2010-12-09,182.74
2010-12-10,182.27
2010-12-13,181.68
2010-12-14,182.12
2010-12-15,182.14
2010-12-16,182.39
2010-12-17,184.65
2010-12-20,185.91
2010-12-21,186.53
2010-12-22,187.04
2010-12-23,187.18
2010-12-24,188.07
2010-12-27,188.21
2010-12-28,188.79
2010-12-29,189.56
2010-12-30,190.21
2010-12-31,190.78
2011-01-03,190.78
2011-01-04,191.17
2011-01-05,192.32
2011-01-06,192.54
2011-01-07,193.63
2011-01-10,193.03
2011-01-11,192.53
2011-01-12,192.55
2011-01-13,189.70
2011-01-14,189.28
2011-01-17,188.43
2011-01-18,188.76
2011-01-19,188.72
2011-01-20,188.94
2011-01-21,189.00
2011-01-24,189.62
2011-01-25,190.33
2011-01-26,189.78
2011-01-27,189.50
2011-01-28,189.04
2011-01-31,188.82
2011-02-01,189.08
2011-02-02,190.45
2011-02-07,190.83
2011-02-08,191.17
2011-02-09,190.68
2011-02-10,191.10
2011-02-11,191.10
2011-02-14,190.66
2011-02-15,190.56
2011-02-16,190.34
2011-02-17,190.04
2011-02-18,190.06
2011-02-21,190.39
2011-02-22,190.33
2011-02-23,190.57
2011-02-24,190.59
2011-02-25,190.93
2011-02-28,190.87
2011-03-01,191.05
2011-03-02,190.50
2011-03-03,190.41
2011-03-04,190.40
2011-03-07,190.28
2011-03-08,190.28
2011-03-09,189.76
2011-03-10,188.97
2011-03-11,188.45
2011-03-14,188.39
2011-03-15,187.87
2011-03-16,187.29
2011-03-17,186.51
2011-03-18,185.71
2011-03-21,185.58
2011-03-22,185.36
2011-03-23,185.10
2011-03-24,184.73
2011-03-25,184.48
2011-03-28,183.54
2011-03-29,182.91
2011-03-30,182.68
2011-03-31,182.51
2011-04-01,182.55
2011-04-04,182.95
2011-04-05,183.24
2011-04-06,183.85
2011-04-07,184.68
2011-04-08,184.82
2011-04-09,184.82
2011-04-10,184.82
2011-04-11,184.35
2011-04-12,184.06
2011-04-13,184.40
2011-04-14,184.66
2011-04-15,185.10
2011-04-16,185.10
2011-04-17,185.10
2011-04-18,185.62
2011-04-19,186.72
2011-04-20,187.65
2011-04-21,188.76
2011-04-22,190.25
2011-04-23,190.25
2011-04-24,190.25
2011-04-25,190.61
2011-04-26,191.07
2011-04-27,192.12
2011-04-28,192.86
2011-04-29,193.84
2011-04-30,193.84
2011-05-01,193.84
2011-05-02,194.84
2011-05-03,195.05
2011-05-04,195.32
2011-05-05,195.04
2011-05-06,193.38
2011-05-07,193.38
2011-05-08,193.38
2011-05-09,192.81
2011-05-10,190.91
2011-05-11,188.47
2011-05-12,187.54
2011-05-13,187.76
2011-05-14,187.76
2011-05-15,187.76
2011-05-16,187.29
2011-05-17,186.76
2011-05-18,186.73
2011-05-19,187.68
2011-05-20,188.14
2011-05-21,188.14
2011-05-22,188.14
2011-05-23,187.77
2011-05-24,187.52
2011-05-25,189.35
2011-05-26,189.65
2011-05-27,190.74
2011-05-28,190.74
2011-05-29,190.74
2011-05-30,190.37
2011-05-31,192.20
2011-06-01,192.20
2011-06-02,192.10
2011-06-03,192.93
2011-06-04,192.93
2011-06-05,192.93
2011-06-06,193.49
2011-06-07,193.46
2011-06-08,193.49
2011-06-09,192.75
2011-06-10,192.77
2011-06-11,192.77
2011-06-12,192.77
2011-06-13,193.32
2011-06-14,193.78
2011-06-15,194.10
2011-06-16,194.04
2011-06-17,194.56
2011-06-18,194.56
2011-06-19,194.56
2011-06-20,194.79
2011-06-21,195.05
2011-06-22,195.65
2011-06-23,195.80
2011-06-24,195.32
2011-06-25,195.32
2011-06-26,195.32
2011-06-27,195.20
2011-06-28,195.36
2011-06-29,195.13
2011-06-30,194.72
2011-07-01,193.93
2011-07-02,193.93
2011-07-03,193.93
2011-07-04,193.77
2011-07-05,193.16
2011-07-06,192.63
2011-07-07,192.41
2011-07-08,191.69
2011-07-09,190.96
2011-07-10,191.00
2011-07-11,191.00
2011-07-12,191.00
2011-07-13,191.00
2011-07-14,191.00
2011-07-15,191.00
2011-07-16,191.00
2011-07-17,191.00
2011-07-18,191.50
2011-07-19,191.97
2011-07-20,192.44
2011-07-21,193.08
2011-07-22,194.26
2011-07-23,194.26
2011-07-24,194.26
2011-07-25,194.65
2011-07-26,194.68
2011-07-27,195.04
2011-07-28,194.65
2011-07-29,194.30
2011-07-30,194.30
2011-07-31,194.30
2011-08-01,194.70
2011-08-02,193.06
2011-08-03,192.25
2011-08-04,191.47
2011-08-05,191.61
2011-08-06,191.61
2011-08-07,191.61
2011-08-08,192.35
2011-08-09,191.82
2011-08-10,192.43
2011-08-11,192.60
2011-08-12,192.70
2011-08-13,192.70
2011-08-14,192.70
2011-08-15,192.87
2011-08-16,193.26
2011-08-17,193.48
2011-08-18,193.59
2011-08-19,193.51
2011-08-20,193.51
2011-08-21,193.51
2011-08-22,193.93
2011-08-23,193.84
2011-08-24,193.96
2011-08-25,194.29
2011-08-26,194.58
2011-08-27,194.58
2011-08-28,194.58
2011-08-29,195.11
2011-08-30,195.02
2011-08-31,195.80
2011-09-01,195.99
2011-09-02,196.55
2011-09-03,196.55
2011-09-04,196.55
2011-09-05,196.48
2011-09-06,196.04
2011-09-07,195.20
2011-09-08,195.80
2011-09-09,195.94
2011-09-10,195.94
2011-09-11,195.94
2011-09-12,196.37
2011-09-13,196.32
2011-09-14,196.28
2011-09-15,197.11
2011-09-16,197.31
2011-09-17,197.31
2011-09-18,197.31
2011-09-19,197.70
2011-09-20,197.65
2011-09-21,197.84
2011-09-22,197.16
2011-09-23,197.08
2011-09-24,197.08
2011-09-25,197.08
2011-09-26,197.52
2011-09-27,197.63
2011-09-28,198.91
2011-09-29,200.19
2011-09-30,201.35
2011-10-01,201.35
2011-10-02,201.35
2011-10-03,202.23
2011-10-04,202.62
2011-10-05,202.93
2011-10-06,203.07
2011-10-07,202.04
2011-10-08,202.04
2011-10-09,202.04
2011-10-10,202.89
2011-10-11,201.54
2011-10-12,201.72
2011-10-13,201.20
2011-10-14,201.63
2011-10-15,201.63
2011-10-16,201.63
2011-10-17,202.10
2011-10-18,202.12
2011-10-19,202.24
2011-10-20,202.71
2011-10-21,203.11
2011-10-22,203.11
2011-10-23,203.11
2011-10-24,203.64
2011-10-25,204.43
2011-10-26,204.72
2011-10-27,203.98
2011-10-28,204.26
2011-10-29,204.26
2011-10-30,204.26
2011-10-31,204.23
2011-11-01,204.36
2011-11-02,204.70
2011-11-03,205.00
2011-11-04,205.89
2011-11-05,205.89
2011-11-06,205.89
2011-11-07,207.19
2011-11-08,207.61
2011-11-09,209.41
2011-11-10,210.04
2011-11-11,209.94
2011-11-12,209.94
2011-11-13,209.94
2011-11-14,210.35
2011-11-15,210.67
2011-11-16,209.50
2011-11-17,208.64
2011-11-18,207.87
2011-11-19,207.87
2011-11-20,207.87
2011-11-21,207.83
2011-11-22,207.47
2011-11-23,207.90
2011-11-24,208.46
2011-11-25,208.11
2011-11-26,208.11
2011-11-27,208.11
2011-11-28,209.03
2011-11-29,210.01
2011-11-30,210.36
2011-12-01,211.41
2011-12-02,211.37
2011-12-03,211.37
2011-12-04,211.37
2011-12-05,212.31
2011-12-06,212.43
2011-12-07,214.65
2011-12-08,215.44
2011-12-09,215.17
2011-12-10,215.17
2011-12-11,215.17
2011-12-12,217.19
2011-12-13,216.75
2011-12-14,216.17
2011-12-15,216.40
2011-12-16,216.76
2011-12-17,216.76
2011-12-18,216.76
2011-12-19,216.97
2011-12-20,216.44
2011-12-21,216.95
2011-12-22,217.28
2011-12-23,218.81
2011-12-24,218.81
2011-12-25,218.81
2011-12-26,220.20
2011-12-27,220.38
2011-12-28,220.65
2011-12-29,220.65
2011-12-30,221.63
2011-12-31,221.63
2012-01-01,221.63
2012-01-02,222.15
2012-01-03,223.05
2012-01-04,224.36
2012-01-05,224.85
2012-01-06,226.32
2012-01-07,226.32
2012-01-08,226.32
2012-01-09,226.93
2012-01-10,224.78
2012-01-11,223.23
2012-01-12,221.49
2012-01-13,221.84
2012-01-14,221.84
2012-01-15,221.84
2012-01-16,222.32
2012-01-17,220.68
2012-01-18,220.81
2012-01-19,219.52
2012-01-20,219.20
2012-01-21,219.20
2012-01-22,219.20
2012-01-23,218.02
2012-01-24,217.42
2012-01-25,216.79
2012-01-26,216.44
2012-01-27,216.35
2012-01-28,216.35
2012-01-29,216.35
2012-01-30,216.23
2012-01-31,216.49
2012-02-01,216.36
2012-02-02,216.24
2012-02-03,215.76
2012-02-04,215.76
2012-02-05,215.76
2012-02-06,214.75
2012-02-07,214.53
2012-02-08,213.86
2012-02-09,213.21
2012-02-10,212.88
2012-02-11,212.88
2012-02-12,212.88
2012-02-13,212.06
2012-02-14,212.21
2012-02-15,211.71
2012-02-16,211.54
2012-02-17,211.21
2012-02-18,210.73
2012-02-19,210.73
2012-02-20,210.62
2012-02-21,210.18
2012-02-22,210.18
2012-02-23,210.18
2012-02-24,210.18
2012-02-25,210.18
2012-02-26,210.18
2012-02-27,210.90
2012-02-28,211.57
2012-02-29,212.93
2012-03-01,212.83
2012-03-02,213.01
2012-03-03,213.01
2012-03-04,213.01
2012-03-05,211.86
2012-03-06,211.74
2012-03-07,211.55
2012-03-08,211.55
2012-03-09,212.06
2012-03-10,212.06
2012-03-11,212.06
2012-03-12,211.92
2012-03-13,211.95
2012-03-14,211.04
2012-03-15,210.96
2012-03-16,210.82
2012-03-17,210.82
2012-03-18,210.82
2012-03-19,210.96
2012-03-20,210.25
2012-03-21,210.11
2012-03-22,210.75
2012-03-23,211.11
2012-03-24,211.11
2012-03-25,211.11
2012-03-26,210.76
2012-03-27,210.83
2012-03-28,210.60
2012-03-29,210.08
2012-03-30,209.36
2012-03-31,209.36
2012-04-01,209.36
2012-04-02,209.00
2012-04-03,208.74
2012-04-04,207.58
2012-04-05,206.66
2012-04-06,206.23
2012-04-07,206.23
2012-04-08,206.23
2012-04-09,206.37
2012-04-10,206.46
2012-04-11,207.16
2012-04-12,207.95
2012-04-13,208.29
2012-04-14,208.29
2012-04-15,208.29
2012-04-16,208.02
2012-04-17,208.58
2012-04-18,208.66
2012-04-19,208.90
2012-04-20,208.88
2012-04-21,208.88
2012-04-22,208.88
2012-04-23,209.25
2012-04-24,209.45
2012-04-25,209.24
2012-04-26,209.45
2012-04-27,209.37
2012-04-28,209.37
2012-04-29,209.37
2012-04-30,208.69
2012-05-01,208.83
2012-05-02,208.64
2012-05-03,208.74
2012-05-04,208.98
2012-05-05,208.98
2012-05-06,208.98
2012-05-07,208.69
2012-05-08,208.91
2012-05-09,208.60
2012-05-10,208.46
2012-05-11,208.40
2012-05-12,208.40
2012-05-13,208.40
2012-05-14,208.27
2012-05-15,208.47
2012-05-16,208.26
2012-05-17,208.82
2012-05-18,208.51
2012-05-19,208.51
2012-05-20,208.51
2012-05-21,208.84
2012-05-22,209.18
2012-05-23,208.65
2012-05-24,208.19
2012-05-25,208.04
2012-05-26,208.04
2012-05-27,208.04
2012-05-28,208.01
2012-05-29,207.78
2012-05-30,206.89
2012-05-31,206.49
2012-06-01,206.49
2012-06-02,206.49
2012-06-03,206.49
2012-06-04,206.75
2012-06-05,206.80
2012-06-06,206.71
2012-06-07,207.28
2012-06-08,207.03
2012-06-09,207.03
2012-06-10,207.03
2012-06-11,207.31
2012-06-12,207.27
2012-06-13,207.19
2012-06-14,207.68
2012-06-15,208.52
2012-06-16,208.52
2012-06-17,208.52
2012-06-18,209.53
2012-06-19,209.93
2012-06-20,209.76
2012-06-21,209.58
2012-06-22,210.15
2012-06-23,210.15
2012-06-24,210.15
2012-06-25,210.47
2012-06-26,211.00
2012-06-27,210.72
2012-06-28,210.72
2012-06-29,211.19
2012-06-30,211.19
2012-07-01,211.19
2012-07-02,211.29
2012-07-03,210.77
2012-07-04,211.19
2012-07-05,210.53
2012-07-06,210.23
2012-07-07,210.23
2012-07-08,210.23
2012-07-09,210.11
2012-07-10,210.42
2012-07-11,210.42
2012-07-12,210.42
2012-07-13,210.42
2012-07-14,210.42
2012-07-15,210.42
2012-07-16,210.44
2012-07-17,210.73
2012-07-18,211.10
2012-07-19,211.17
2012-07-20,211.40
2012-07-21,211.40
2012-07-22,211.40
2012-07-23,210.86
2012-07-24,211.39
2012-07-25,211.22
2012-07-26,211.09
2012-07-27,211.01
2012-07-28,211.01
2012-07-29,211.01
2012-07-30,211.47
2012-07-31,211.88
2012-08-01,211.71
2012-08-02,212.06
2012-08-03,212.35
2012-08-04,212.35
2012-08-05,212.35
2012-08-06,212.67
2012-08-07,213.02
2012-08-08,213.30
2012-08-09,213.77
2012-08-10,213.88
2012-08-11,213.88
2012-08-12,213.88
2012-08-13,213.97
2012-08-14,213.90
2012-08-15,213.97
2012-08-16,214.00
2012-08-17,214.60
2012-08-18,214.60
2012-08-19,214.60
2012-08-20,214.39
2012-08-21,214.96
2012-08-22,215.01
2012-08-23,215.42
2012-08-24,215.57
2012-08-25,215.57
2012-08-26,215.57
2012-08-27,216.01
2012-08-28,216.58
2012-08-29,217.22
2012-08-30,217.51
2012-08-31,217.59
2012-09-01,217.59
2012-09-02,217.59
2012-09-03,217.90
2012-09-04,217.95
2012-09-05,218.13
2012-09-06,218.58
2012-09-07,219.07
2012-09-08,219.07
2012-09-09,219.07
2012-09-10,219.82
2012-09-11,220.09
2012-09-12,220.41
2012-09-13,220.38
2012-09-14,220.82
2012-09-15,220.82
2012-09-16,220.82
2012-09-17,221.59
2012-09-18,221.57
2012-09-19,222.21
2012-09-20,222.63
2012-09-21,222.47
2012-09-22,222.47
2012-09-23,222.47
2012-09-24,222.39
2012-09-25,222.14
2012-09-26,222.19
2012-09-27,221.38
2012-09-28,221.83
2012-09-29,221.83
2012-09-30,221.83
2012-10-01,221.78
2012-10-02,221.41
2012-10-03,221.12
2012-10-04,220.68
2012-10-05,220.01
2012-10-06,220.01
2012-10-07,220.01
2012-10-08,220.06
2012-10-09,219.56
2012-10-10,219.45
2012-10-11,219.62
2012-10-12,220.17
2012-10-13,220.17
2012-10-14,220.17
2012-10-15,220.12
2012-10-16,220.47
2012-10-17,220.85
2012-10-18,221.48
2012-10-19,221.45
2012-10-20,221.45
2012-10-21,221.45
2012-10-22,221.84
2012-10-23,222.34
2012-10-24,222.64
2012-10-25,223.33
2012-10-26,223.26
2012-10-27,223.26
2012-10-28,223.26
2012-10-29,223.73
2012-10-30,223.81
2012-10-31,224.00
2012-11-01,223.90
2012-11-02,223.93
2012-11-03,223.93
2012-11-04,223.93
2012-11-05,223.90
2012-11-06,224.02
2012-11-07,223.94
2012-11-08,224.00
2012-11-09,223.69
2012-11-10,223.69
2012-11-11,223.69
2012-11-12,224.13
2012-11-13,224.13
2012-11-14,224.13
2012-11-15,223.69
2012-11-16,223.75
2012-11-17,223.75
2012-11-18,223.75
2012-11-19,223.73
2012-11-20,223.63
2012-11-21,223.63
2012-11-22,223.96
2012-11-23,223.98
2012-11-24,223.98
2012-11-25,223.98
2012-11-26,224.23
2012-11-27,224.53
2012-11-28,224.31
2012-11-29,224.22
2012-11-30,224.41
2012-12-01,224.41
2012-12-02,224.41
2012-12-03,224.47
2012-12-04,224.96
2012-12-05,225.25
2012-12-06,225.04
2012-12-07,224.87
2012-12-08,224.87
2012-12-09,224.87
2012-12-10,225.01
2012-12-11,224.19
2012-12-12,223.91
2012-12-13,223.63
2012-12-14,223.46
2012-12-15,223.46
2012-12-16,223.46
2012-12-17,223.59
2012-12-18,223.73
2012-12-19,223.68
2012-12-20,223.92
2012-12-21,223.37
2012-12-22,223.37
2012-12-23,223.37
2012-12-24,223.21
2012-12-25,223.46
2012-12-26,223.21
2012-12-27,223.21
2012-12-28,223.39
2012-12-29,223.39
2012-12-30,223.39
2012-12-31,223.39
2013-01-01,223.39
2013-01-02,223.49
2013-01-03,223.57
2013-01-04,222.91
2013-01-05,223.66
2013-01-06,223.66
2013-01-07,223.69
2013-01-08,224.05
2013-01-09,224.33
2013-01-10,224.48
2013-01-11,224.59
2013-01-12,224.59
2013-01-13,224.59
2013-01-14,224.55
2013-01-15,224.73
2013-01-16,224.06
2013-01-17,223.91
2013-01-18,223.45
2013-01-19,223.45
2013-01-20,223.45
2013-01-21,223.59
2013-01-22,223.94
2013-01-23,223.21
2013-01-24,223.27
2013-01-25,223.66
2013-01-26,223.66
2013-01-27,223.66
2013-01-28,223.80
2013-01-29,223.75
2013-01-30,223.84
2013-01-31,223.93
2013-02-01,223.71
2013-02-02,223.71
2013-02-03,223.71
2013-02-04,223.59
2013-02-05,223.59
2013-02-06,223.42
2013-02-07,223.24
2013-02-08,223.02
2013-02-09,223.02
2013-02-10,223.02
2013-02-11,223.02
2013-02-12,223.02
2013-02-13,223.20
2013-02-14,223.11
2013-02-15,223.21
2013-02-16,223.21
2013-02-17,223.21
2013-02-18,223.12
2013-02-19,223.10
2013-02-20,223.21
2013-02-21,223.16
2013-02-22,223.84
2013-02-23,223.84
2013-02-24,223.84
2013-02-25,224.01
2013-02-26,224.46
2013-02-27,225.04
2013-02-28,225.37
2013-03-01,225.25
2013-03-02,225.25
2013-03-03,225.25
2013-03-04,225.30
2013-03-05,225.52
2013-03-06,225.58
2013-03-07,224.86
2013-03-08,224.86
2013-03-09,224.86
2013-03-10,224.86
2013-03-11,225.02
2013-03-12,225.30
2013-03-13,225.47
2013-03-14,225.48
2013-03-15,225.25
2013-03-16,225.25
2013-03-17,225.25
2013-03-18,225.60
2013-03-19,226.17
2013-03-20,226.01
2013-03-21,226.66
2013-03-22,226.17
2013-03-23,226.17
2013-03-24,226.17
2013-03-25,227.08
2013-03-26,227.05
2013-03-27,227.06
2013-03-28,226.98
2013-03-29,227.13
2013-03-30,227.13
2013-03-31,227.13
2013-04-01,227.23
2013-04-02,227.35
2013-04-03,227.09
2013-04-04,227.47
2013-04-05,227.33
2013-04-06,227.33
2013-04-07,227.33
2013-04-08,227.17
2013-04-09,227.42
2013-04-10,227.92
2013-04-11,227.52
2013-04-12,227.88
2013-04-13,227.88
2013-04-14,227.88
2013-04-15,228.42
2013-04-16,228.99
2013-04-17,229.16
2013-04-18,229.16
2013-04-19,229.91
2013-04-20,229.91
2013-04-21,229.91
2013-04-22,230.17
2013-04-23,230.67
2013-04-24,230.81
2013-04-25,231.48
2013-04-26,232.06
2013-04-27,232.06
2013-04-28,232.06
2013-04-29,232.49
2013-04-30,232.95
2013-05-01,232.58
2013-05-02,233.13
2013-05-03,232.77
2013-05-04,232.77
2013-05-05,232.77
2013-05-06,232.56
2013-05-07,233.28
2013-05-08,233.88
2013-05-09,234.26
2013-05-10,233.92
2013-05-11,233.92
2013-05-12,233.92
2013-05-13,233.79
2013-05-14,234.00
2013-05-15,234.14
2013-05-16,234.02
2013-05-17,234.12
2013-05-18,234.12
2013-05-19,234.12
2013-05-20,234.50
2013-05-21,234.82
2013-05-22,234.90
2013-05-23,234.58
2013-05-24,234.89
2013-05-25,234.89
2013-05-26,234.89
2013-05-27,235.53
2013-05-28,235.49
2013-05-29,235.32
2013-05-30,235.37
2013-05-31,235.03
2013-06-01,235.03
2013-06-02,235.03
2013-06-03,235.16
2013-06-04,235.16
2013-06-05,234.69
2013-06-06,234.25
2013-06-07,233.66
2013-06-08,233.66
2013-06-09,233.66
2013-06-10,233.67
2013-06-11,233.57
2013-06-12,233.63
2013-06-13,233.51
2013-06-14,233.72
2013-06-15,233.72
2013-06-16,233.72
2013-06-17,234.60
2013-06-18,234.66
2013-06-19,234.74
2013-06-20,234.99
2013-06-21,234.50
2013-06-22,234.50
2013-06-23,234.50
2013-06-24,234.53
2013-06-25,234.29
2013-06-26,234.29
2013-06-27,234.84
2013-06-28,235.45
2013-06-29,235.45
2013-06-30,235.45
2013-07-01,236.08
2013-07-02,236.65
2013-07-03,236.63
2013-07-04,237.79
2013-07-05,238.11
2013-07-06,238.11
2013-07-07,238.11
2013-07-08,238.58
2013-07-09,238.61
2013-07-10,238.45
2013-07-11,238.45
2013-07-12,238.45
2013-07-13,238.45
2013-07-14,238.45
2013-07-15,238.10
2013-07-16,238.47
2013-07-17,238.50
2013-07-18,239.48
2013-07-19,239.57
2013-07-20,239.57
2013-07-21,239.57
2013-07-22,240.95
2013-07-23,242.30
2013-07-24,243.69
2013-07-25,244.76
2013-07-26,245.83
2013-07-27,245.83
2013-07-28,245.83
2013-07-29,244.83
2013-07-30,244.72
2013-07-31,244.67
2013-08-01,245.03
2013-08-02,245.86
2013-08-03,245.86
2013-08-04,245.86
2013-08-05,249.43
2013-08-06,252.93
2013-08-07,255.49
2013-08-08,256.68
2013-08-09,255.55
2013-08-10,255.55
2013-08-11,255.55
2013-08-12,256.01
2013-08-13,256.01
2013-08-14,256.24
2013-08-15,256.51
2013-08-16,257.13
2013-08-17,257.13
2013-08-18,257.13
2013-08-19,257.04
2013-08-20,257.55
2013-08-21,257.86
2013-08-22,258.91
2013-08-23,259.07
2013-08-24,259.07
2013-08-25,259.07
2013-08-26,259.81
2013-08-27,261.10
2013-08-28,261.87
2013-08-29,263.80
2013-08-30,264.19
2013-08-31,264.19
2013-09-01,264.19
2013-09-02,265.16
2013-09-03,268.67
2013-09-04,270.28
2013-09-05,272.86
2013-09-06,275.17
2013-09-07,275.17
2013-09-08,275.17
2013-09-09,279.79
2013-09-10,279.48
2013-09-11,280.64
2013-09-12,281.60
2013-09-13,278.81
2013-09-14,278.81
2013-09-15,278.81
2013-09-16,275.08
2013-09-17,273.64
2013-09-18,270.96
2013-09-19,267.63
2013-09-20,264.22
2013-09-21,264.22
2013-09-22,264.22
2013-09-23,264.02
2013-09-24,264.54
2013-09-25,266.30
2013-09-26,266.26
2013-09-27,269.02
2013-09-28,269.02
2013-09-29,269.02
2013-09-30,270.43
2013-10-01,269.55
2013-10-02,270.73
2013-10-03,271.63
2013-10-04,271.03
2013-10-05,271.03
2013-10-06,271.03
2013-10-07,271.81
2013-10-08,273.01
2013-10-09,272.74
2013-10-10,275.19
2013-10-11,275.47
2013-10-12,275.47
2013-10-13,275.47
2013-10-14,275.98
2013-10-15,277.39
2013-10-16,277.14
2013-10-17,278.14
2013-10-18,277.59
2013-10-19,277.59
2013-10-20,277.59
2013-10-21,278.63
2013-10-22,278.44
2013-10-23,279.20
2013-10-24,279.67
2013-10-25,279.48
2013-10-26,279.48
2013-10-27,279.48
2013-10-28,281.12
2013-10-29,281.48
2013-10-30,282.07
2013-10-31,281.64
2013-11-01,279.11
2013-11-02,279.11
2013-11-03,279.11
2013-11-04,279.11
2013-11-05,278.67
2013-11-06,279.97
2013-11-07,281.52
2013-11-08,281.77
2013-11-09,281.77
2013-11-10,281.77
2013-11-11,283.01
2013-11-12,283.32
2013-11-13,284.28
2013-11-14,285.42
2013-11-15,287.67
2013-11-16,287.67
2013-11-17,287.67
2013-11-18,286.13
2013-11-19,286.96
2013-11-20,286.60
2013-11-21,286.96
2013-11-22,286.55
2013-11-23,286.55
2013-11-24,286.55
2013-11-25,286.55
2013-11-26,286.69
2013-11-27,286.50
2013-11-28,286.55
2013-11-29,285.86
2013-11-30,285.86
2013-12-01,285.86
2013-12-02,285.92
2013-12-03,285.54
2013-12-04,284.46
2013-12-05,284.10
2013-12-06,283.31
2013-12-07,283.31
2013-12-08,283.31
2013-12-09,282.20
2013-12-10,281.64
2013-12-11,280.83
2013-12-12,278.61
2013-12-13,275.34
2013-12-14,275.34
2013-12-15,275.34
2013-12-16,273.54
2013-12-17,272.68
2013-12-18,271.36
2013-12-19,270.31
2013-12-20,268.40
2013-12-21,268.40
2013-12-22,268.40
2013-12-23,268.48
2013-12-24,266.88
2013-12-25,266.39
2013-12-26,267.73
2013-12-27,270.02
2013-12-28,270.02
2013-12-29,270.02
2013-12-30,272.88
2013-12-31,274.17
2014-01-01,274.17
2014-01-02,277.37
2014-01-03,279.92
2014-01-04,279.92
2014-01-05,279.92
2014-01-06,279.65
2014-01-07,284.42
2014-01-08,284.70
2014-01-09,286.82
2014-01-10,284.56
2014-01-11,284.56
2014-01-12,284.56
2014-01-13,283.27
2014-01-14,282.19
2014-01-15,281.66
2014-01-16,282.21
2014-01-17,282.99
2014-01-18,282.99
2014-01-19,282.99
2014-01-20,283.58
2014-01-21,283.83
2014-01-22,284.21
2014-01-23,284.75
2014-01-24,284.91
2014-01-25,284.91
2014-01-26,284.91
2014-01-27,284.83
2014-01-28,284.85
2014-01-29,284.43
2014-01-30,284.48
2014-01-31,284.48
2014-02-01,284.48
2014-02-02,284.48
2014-02-03,284.26
2014-02-04,284.83
2014-02-05,285.26
2014-02-06,285.48
2014-02-07,286.40
2014-02-08,286.40
2014-02-09,286.40
2014-02-10,287.38
2014-02-11,287.79
2014-02-12,288.29
2014-02-13,288.37
2014-02-14,288.50
2014-02-15,288.50
2014-02-16,288.50
2014-02-17,288.59
2014-02-18,288.31
2014-02-19,289.00
2014-02-20,289.62
2014-02-21,290.69
2014-02-22,290.69
2014-02-23,290.69
2014-02-24,291.51
2014-02-25,290.88
2014-02-26,291.12
2014-02-27,291.68
2014-02-28,284.99
2014-03-01,284.99
2014-03-02,284.99
2014-03-03,284.98
2014-03-04,284.81
2014-03-05,288.51
2014-03-06,289.38
2014-03-07,290.23
2014-03-08,290.23
2014-03-09,290.23
2014-03-10,289.32
2014-03-11,289.13
2014-03-12,287.85
2014-03-13,288.05
2014-03-14,286.93
2014-03-15,286.93
2014-03-16,286.93
2014-03-17,286.42
2014-03-18,285.95
2014-03-19,285.48
2014-03-20,284.86
2014-03-21,285.13
2014-03-22,285.13
2014-03-23,285.13
2014-03-24,286.39
2014-03-25,287.64
2014-03-26,287.67
2014-03-27,287.25
2014-03-28,287.18
2014-03-29,287.18
2014-03-30,287.18
2014-03-31,286.42
2014-04-01,287.29
2014-04-02,287.28
2014-04-03,287.45
2014-04-04,287.21
2014-04-05,287.21
2014-04-06,287.21
2014-04-07,286.21
2014-04-08,287.37
2014-04-09,287.53
2014-04-10,286.99
2014-04-11,286.38
2014-04-12,286.38
2014-04-13,286.38
2014-04-14,286.36
2014-04-15,285.89
2014-04-16,285.80
2014-04-17,286.15
2014-04-18,286.26
2014-04-19,286.26
2014-04-20,286.26
2014-04-21,285.74
2014-04-22,286.26
2014-04-23,286.11
2014-04-24,286.44
2014-04-25,286.31
2014-04-26,286.31
2014-04-27,286.31
2014-04-28,286.86
2014-04-29,287.23
2014-04-30,286.97
2014-05-01,286.83
2014-05-02,286.93
2014-05-03,286.93
2014-05-04,286.93
2014-05-05,287.94
2014-05-06,289.00
2014-05-07,289.09
2014-05-08,290.08
2014-05-09,290.49
2014-05-10,290.49
2014-05-11,290.49
2014-05-12,289.99
2014-05-13,290.64
2014-05-14,291.03
2014-05-15,291.98
2014-05-16,291.41
2014-05-17,291.41
2014-05-18,291.41
2014-05-19,290.38
2014-05-20,291.72
2014-05-21,292.63
2014-05-22,292.90
2014-05-23,292.59
2014-05-24,292.59
2014-05-25,292.59
2014-05-26,292.02
2014-05-27,292.18
2014-05-28,291.01
2014-05-29,291.05
2014-05-30,291.13
2014-05-31,291.13
2014-06-01,291.13
2014-06-02,291.47
2014-06-03,291.64
2014-06-04,291.74
2014-06-05,292.16
2014-06-06,291.93
2014-06-07,291.93
2014-06-08,291.93
2014-06-09,292.22
2014-06-10,293.22
2014-06-11,292.92
2014-06-12,293.52
2014-06-13,293.76
2014-06-14,293.76
2014-06-15,293.76
2014-06-16,293.43
2014-06-17,293.07
2014-06-18,292.55
2014-06-19,292.73
2014-06-20,293.00
2014-06-21,293.00
2014-06-22,293.00
2014-06-23,293.13
2014-06-24,292.96
2014-06-25,292.83
2014-06-26,293.23
2014-06-27,293.67
2014-06-28,293.67
2014-06-29,293.67
2014-06-30,294.40
2014-07-01,294.42
2014-07-02,294.10
2014-07-03,294.02
2014-07-04,294.58
2014-07-05,294.58
2014-07-06,294.58
2014-07-07,295.09
2014-07-08,295.40
2014-07-09,296.08
2014-07-10,296.67
2014-07-11,296.67
2014-07-12,296.67
2014-07-13,296.67
2014-07-14,296.67
2014-07-15,296.67
2014-07-16,296.07
2014-07-17,296.72
2014-07-18,296.98
2014-07-19,296.98
2014-07-20,296.98
2014-07-21,297.06
2014-07-22,297.67
2014-07-23,298.21
2014-07-24,299.23
2014-07-25,299.84
2014-07-26,299.84
2014-07-27,299.84
2014-07-28,300.73
2014-07-29,302.13
2014-07-30,302.78
2014-07-31,303.14
2014-08-01,302.24
2014-08-02,302.24
2014-08-03,302.24
2014-08-04,302.52
2014-08-05,303.28
2014-08-06,304.17
2014-08-07,305.00
2014-08-08,305.43
2014-08-09,305.43
2014-08-10,305.43
2014-08-11,306.15
2014-08-12,306.58
2014-08-13,307.19
2014-08-14,308.49
2014-08-15,306.81
2014-08-16,306.81
2014-08-17,306.81
2014-08-18,304.55
2014-08-19,302.68
2014-08-20,302.58
2014-08-21,301.63
2014-08-22,300.25
2014-08-23,300.25
2014-08-24,300.25
2014-08-25,298.45
2014-08-26,297.26
2014-08-27,297.15
2014-08-28,295.90
2014-08-29,294.72
2014-08-30,294.72
2014-08-31,294.72
2014-09-01,293.52
2014-09-02,293.39
2014-09-03,296.19
2014-09-04,298.64
2014-09-05,298.78
2014-09-06,298.78
2014-09-07,298.78
2014-09-08,299.12
2014-09-09,300.12
2014-09-10,300.68
2014-09-11,300.90
2014-09-12,300.61
2014-09-13,300.61
2014-09-14,300.61
2014-09-15,300.22
2014-09-16,299.81
2014-09-17,300.04
2014-09-18,299.27
2014-09-19,299.58
2014-09-20,299.58
2014-09-21,299.58
2014-09-22,299.58
2014-09-23,299.58
2014-09-24,299.80
2014-09-25,299.44
2014-09-26,300.22
2014-09-27,300.22
2014-09-28,300.22
2014-09-29,299.58
2014-09-30,299.70
2014-10-01,299.97
2014-10-02,300.00
2014-10-03,300.08
2014-10-04,300.08
2014-10-05,300.08
2014-10-06,300.20
2014-10-07,300.34
2014-10-08,300.57
2014-10-09,301.10
2014-10-10,301.19
2014-10-11,301.19
2014-10-12,301.19
2014-10-13,301.26
2014-10-14,301.86
2014-10-15,301.96
2014-10-16,302.18
2014-10-17,302.06
2014-10-18,302.06
2014-10-19,302.06
2014-10-20,302.37
2014-10-21,302.67
2014-10-22,302.85
2014-10-23,302.88
2014-10-24,302.92
2014-10-25,302.92
2014-10-26,302.92
2014-10-27,303.28
2014-10-28,303.67
2014-10-29,303.91
2014-10-30,304.35
2014-10-31,304.81
2014-11-01,304.81
2014-11-02,304.81
2014-11-03,305.03
2014-11-04,305.61
2014-11-05,305.68
2014-11-06,306.42
2014-11-07,306.12
2014-11-08,306.12
2014-11-09,306.12
2014-11-10,306.19
2014-11-11,305.93
2014-11-12,306.13
2014-11-13,306.40
2014-11-14,306.14
2014-11-15,306.14
2014-11-16,306.14
2014-11-17,306.69
2014-11-18,307.04
2014-11-19,307.43
2014-11-20,307.49
2014-11-21,307.89
2014-11-22,307.89
2014-11-23,307.89
2014-11-24,307.63
2014-11-25,307.85
2014-11-26,308.34
2014-11-27,308.72
2014-11-28,308.38
2014-11-29,308.38
2014-11-30,308.38
2014-12-01,307.16
2014-12-02,305.07
2014-12-03,305.08
2014-12-04,304.77
2014-12-05,304.85
2014-12-06,304.85
2014-12-07,304.85
2014-12-08,304.86
2014-12-09,303.92
2014-12-10,304.85
2014-12-11,305.61
2014-12-12,305.52
2014-12-13,305.52
2014-12-14,305.52
2014-12-15,305.63
2014-12-16,306.29
2014-12-17,306.23
2014-12-18,304.23
2014-12-19,300.85
2014-12-20,300.85
2014-12-21,300.85
2014-12-22,300.68
2014-12-23,301.84
2014-12-24,302.57
2014-12-25,303.55
2014-12-26,303.57
2014-12-27,303.57
2014-12-28,303.57
2014-12-29,303.57
2014-12-30,303.57
2014-12-31,304.59
2015-01-01,304.59
2015-01-02,304.59
2015-01-03,304.59
2015-01-04,304.59
2015-01-05,304.46
2015-01-06,306.25
2015-01-07,307.38
2015-01-08,309.69
2015-01-09,310.16
2015-01-10,310.28
2015-01-11,310.28
2015-01-12,311.13
2015-01-13,311.71
2015-01-14,312.94
2015-01-15,313.38
2015-01-16,311.43
2015-01-17,311.43
2015-01-18,311.43
2015-01-19,311.49
2015-01-20,312.23
2015-01-21,312.62
2015-01-22,313.20
2015-01-23,312.24
2015-01-24,312.24
2015-01-25,312.24
2015-01-26,310.93
2015-01-27,311.27
2015-01-28,311.14
2015-01-29,311.21
2015-01-30,311.21
2015-01-31,311.21
2015-02-01,311.21
2015-02-02,310.60
2015-02-03,311.00
2015-02-04,311.54
2015-02-05,311.85
2015-02-06,312.16
2015-02-07,312.16
2015-02-08,312.16
2015-02-09,312.24
2015-02-10,313.39
2015-02-11,313.61
2015-02-12,314.08
2015-02-13,314.30
2015-02-14,314.30
2015-02-15,314.30
2015-02-16,314.47
2015-02-17,314.73
2015-02-18,315.51
2015-02-19,315.51
2015-02-20,315.51
2015-02-21,315.51
2015-02-22,315.51
2015-02-23,315.69
2015-02-24,315.89
2015-02-25,316.78
2015-02-26,315.28
2015-02-27,314.94
2015-02-28,314.94
2015-03-01,314.94
2015-03-02,314.70
2015-03-03,315.25
2015-03-04,315.56
2015-03-05,316.64
2015-03-06,316.98
2015-03-07,316.98
2015-03-08,316.98
2015-03-09,317.11
2015-03-10,317.51
2015-03-11,317.57
2015-03-12,317.51
2015-03-13,317.53
2015-03-14,317.53
2015-03-15,317.53
2015-03-16,317.01
2015-03-17,318.03
2015-03-18,319.13
2015-03-19,321.15
2015-03-20,321.05
2015-03-21,321.05
2015-03-22,321.05
2015-03-23,319.87
2015-03-24,321.06
2015-03-25,320.84
2015-03-26,320.21
2015-03-27,319.51
2015-03-28,319.51
2015-03-29,319.51
2015-03-30,319.42
2015-03-31,320.09
2015-04-01,319.99
2015-04-02,320.34
2015-04-03,320.54
2015-04-04,320.54
2015-04-05,320.54
2015-04-06,320.67
2015-04-07,320.78
2015-04-08,320.05
2015-04-09,320.11
2015-04-10,319.70
2015-04-11,319.70
2015-04-12,319.70
2015-04-13,319.22
2015-04-14,319.42
2015-04-15,319.62
2015-04-16,319.63
2015-04-17,318.09
2015-04-18,318.09
2015-04-19,318.09
2015-04-20,317.66
2015-04-21,317.66
2015-04-22,317.10
2015-04-23,316.88
2015-04-24,316.80
2015-04-25,316.80
2015-04-26,316.80
2015-04-27,316.61
2015-04-28,316.23
2015-04-29,316.34
2015-04-30,316.12
2015-05-01,315.86
2015-05-02,315.86
2015-05-03,315.86
2015-05-04,315.40
2015-05-05,314.94
2015-05-06,315.11
2015-05-07,313.92
2015-05-08,313.71
2015-05-09,313.71
2015-05-10,313.71
2015-05-11,313.32
2015-05-12,313.10
2015-05-13,313.19
2015-05-14,313.52
2015-05-15,313.10
2015-05-16,313.10
2015-05-17,313.10
2015-05-18,312.80
2015-05-19,312.77
2015-05-20,312.49
2015-05-21,312.27
2015-05-22,312.21
2015-05-23,312.21
2015-05-24,312.21
2015-05-25,310.89
2015-05-26,310.16
2015-05-27,309.10
2015-05-28,308.81
2015-05-29,307.58
2015-05-30,307.58
2015-05-31,307.58
2015-06-01,307.58
2015-06-02,306.89
2015-06-03,306.04
2015-06-04,304.91
2015-06-05,302.50
2015-06-06,302.50
2015-06-07,302.50
2015-06-08,301.34
2015-06-09,300.80
2015-06-10,300.28
2015-06-11,300.28
2015-06-12,300.01
2015-06-13,300.01
2015-06-14,300.01
2015-06-15,301.51
2015-06-16,303.27
2015-06-17,305.84
2015-06-18,308.13
2015-06-19,308.80
2015-06-20,308.80
2015-06-21,308.80
2015-06-22,309.72
2015-06-23,310.72
2015-06-24,311.18
2015-06-25,312.88
2015-06-26,313.88
2015-06-27,313.88
2015-06-28,313.88
2015-06-29,314.42
2015-06-30,316.50
2015-07-01,317.55
2015-07-02,318.70
2015-07-03,318.55
2015-07-04,318.55
2015-07-05,318.55
2015-07-06,317.66
2015-07-07,317.68
2015-07-08,316.82
2015-07-09,317.58
2015-07-10,317.83
2015-07-11,317.83
2015-07-12,317.83
2015-07-13,317.83
2015-07-14,317.83
2015-07-15,317.83
2015-07-16,319.42
2015-07-17,319.56
2015-07-18,319.56
2015-07-19,319.56
2015-07-20,318.28
2015-07-21,318.02
2015-07-22,318.61
2015-07-23,319.97
2015-07-24,319.67
2015-07-25,319.67
2015-07-26,319.67
2015-07-27,319.64
2015-07-28,318.68
2015-07-29,319.29
2015-07-30,319.68
2015-07-31,319.67
2015-08-01,319.67
2015-08-02,319.67
2015-08-03,319.87
2015-08-04,320.15
2015-08-05,320.14
2015-08-06,320.11
2015-08-07,320.14
2015-08-08,320.14
2015-08-09,320.14
2015-08-10,320.21
2015-08-11,314.39
2015-08-12,308.71
2015-08-13,310.30
2015-08-14,311.28
2015-08-15,311.28
2015-08-16,311.28
2015-08-17,311.65
2015-08-18,311.16
2015-08-19,311.48
2015-08-20,311.44
2015-08-21,311.63
2015-08-22,311.63
2015-08-23,311.63
2015-08-24,311.11
2015-08-25,310.32
2015-08-26,310.70
2015-08-27,311.03
2015-08-28,311.57
2015-08-29,311.57
2015-08-30,311.57
2015-08-31,312.18
2015-09-01,312.72
2015-09-02,313.20
2015-09-03,313.71
2015-09-04,313.61
2015-09-05,313.61
2015-09-06,313.61
2015-09-07,312.47
2015-09-08,313.24
2015-09-09,312.91
2015-09-10,312.72
2015-09-11,313.33
2015-09-12,313.33
2015-09-13,313.33
2015-09-14,313.09
2015-09-15,311.89
2015-09-16,312.41
2015-09-17,312.95
2015-09-18,313.36
2015-09-19,313.36
2015-09-20,313.36
2015-09-21,313.03
2015-09-22,313.00
2015-09-23,312.54
2015-09-24,312.86
2015-09-25,313.16
2015-09-26,313.16
2015-09-27,313.16
2015-09-28,313.02
2015-09-29,313.81
2015-09-30,314.16
2015-10-01,314.07
2015-10-02,314.14
2015-10-03,314.14
2015-10-04,314.14
2015-10-05,314.09
2015-10-06,313.88
2015-10-07,314.03
2015-10-08,313.83
2015-10-09,314.32
2015-10-10,314.32
2015-10-11,314.32
2015-10-12,315.61
2015-10-13,314.81
2015-10-14,314.31
2015-10-15,313.67
2015-10-16,313.76
2015-10-17,313.76
2015-10-18,313.76
2015-10-19,313.36
2015-10-20,313.59
2015-10-21,313.93
2015-10-22,313.48
2015-10-23,313.20
2015-10-24,313.20
2015-10-25,313.20
2015-10-26,313.81
2015-10-27,313.42
2015-10-28,313.38
2015-10-29,313.12
2015-10-30,314.95
2015-10-31,314.95
2015-11-01,314.95
2015-11-02,314.22
2015-11-03,314.55
2015-11-04,314.45
2015-11-05,314.10
2015-11-06,313.61
2015-11-07,313.61
2015-11-08,313.61
2015-11-09,313.31
2015-11-10,313.31
2015-11-11,313.15
2015-11-12,313.15
2015-11-13,312.13
2015-11-14,312.13
2015-11-15,312.13
2015-11-16,312.74
2015-11-17,312.29
2015-11-18,312.10
2015-11-19,312.48
2015-11-20,312.13
2015-11-21,312.13
2015-11-22,312.13
2015-11-23,311.96
2015-11-24,312.06
2015-11-25,312.07
2015-11-26,312.13
2015-11-27,311.88
2015-11-28,311.88
2015-11-29,311.88
2015-11-30,311.81
2015-12-01,311.85
2015-12-02,311.92
2015-12-03,312.14
2015-12-04,312.09
2015-12-05,312.09
2015-12-06,312.09
2015-12-07,311.66
2015-12-08,311.21
2015-12-09,310.91
2015-12-10,310.28
2015-12-11,308.95
2015-12-12,308.95
2015-12-13,308.95
2015-12-14,309.07
2015-12-15,308.53
2015-12-16,308.37
2015-12-17,307.99
2015-12-18,307.93
2015-12-19,307.93
2015-12-20,307.93
2015-12-21,308.03
2015-12-22,308.15
2015-12-23,308.23
2015-12-24,308.17
2015-12-25,307.83
2015-12-26,307.83
2015-12-27,307.83
2015-12-28,307.28
2015-12-29,307.28
2015-12-30,307.54
2015-12-31,307.30
2016-01-01,307.30
2016-01-02,307.30
2016-01-03,307.30
2016-01-04,306.60
2016-01-05,306.41
2016-01-06,304.98
2016-01-07,303.11
2016-01-08,303.28
2016-01-09,303.28
2016-01-10,303.28
2016-01-11,303.48
2016-01-12,303.95
2016-01-13,304.00
2016-01-14,303.57
2016-01-15,304.16
2016-01-16,304.16
2016-01-17,304.16
2016-01-18,304.73
2016-01-19,305.01
2016-01-20,305.09
2016-01-21,305.06
2016-01-22,305.05
2016-01-23,305.05
2016-01-24,305.05
2016-01-25,304.97
2016-01-26,305.13
2016-01-27,305.17
2016-01-28,305.46
2016-01-29,305.88
2016-01-30,305.88
2016-01-31,305.88
2016-02-01,305.65
2016-02-02,306.01
2016-02-03,306.19
2016-02-04,306.69
2016-02-05,307.26
2016-02-06,307.26
2016-02-07,307.26
2016-02-08,307.10
2016-02-09,307.10
2016-02-10,307.10
2016-02-11,307.10
2016-02-12,307.19
2016-02-13,307.19
2016-02-14,307.19
2016-02-15,311.12
2016-02-16,310.54
2016-02-17,309.89
2016-02-18,310.92
2016-02-19,311.25
2016-02-20,311.25
2016-02-21,311.25
2016-02-22,311.26
2016-02-23,311.49
2016-02-24,311.42
2016-02-25,311.75
2016-02-26,311.59
2016-02-27,311.59
2016-02-28,311.59
2016-02-29,310.42
2016-03-01,310.92
2016-03-02,311.01
2016-03-03,311.90
2016-03-04,313.08
2016-03-05,313.08
2016-03-06,313.08
2016-03-07,314.03
2016-03-08,314.03
2016-03-09,314.17
2016-03-10,314.34
2016-03-11,315.31
2016-03-12,315.31
2016-03-13,315.31
2016-03-14,315.10
2016-03-15,314.16
2016-03-16,313.08
2016-03-17,314.98
2016-03-18,316.50
2016-03-19,316.50
2016-03-20,316.50
2016-03-21,315.81
2016-03-22,315.75
2016-03-23,315.48
2016-03-24,314.82
2016-03-25,314.77
2016-03-26,314.77
2016-03-27,314.77
2016-03-28,314.87
2016-03-29,315.03
2016-03-30,316.35
2016-03-31,316.86
2016-04-01,316.91
2016-04-02,316.91
2016-04-03,316.91
2016-04-04,315.99
2016-04-05,315.67
2016-04-06,315.36
2016-04-07,314.47
2016-04-08,312.81
2016-04-09,312.81
2016-04-10,312.81
2016-04-11,312.97
2016-04-12,312.38
2016-04-13,311.28
2016-04-14,309.66
2016-04-15,309.33
2016-04-16,309.33
2016-04-17,309.33
2016-04-18,307.49
2016-04-19,306.96
2016-04-20,305.95
2016-04-21,306.18
2016-04-22,305.03
2016-04-23,305.03
2016-04-24,305.03
2016-04-25,306.86
2016-04-26,307.38
2016-04-27,309.00
2016-04-28,310.25
2016-04-29,310.46
2016-04-30,310.46
2016-05-01,310.46
2016-05-02,311.31
2016-05-03,311.65
2016-05-04,310.87
2016-05-05,310.90
2016-05-06,310.73
2016-05-07,310.73
2016-05-08,310.73
2016-05-09,310.84
2016-05-10,310.01
2016-05-11,309.68
2016-05-12,309.14
2016-05-13,307.07
2016-05-14,307.07
2016-05-15,307.07
2016-05-16,306.26
2016-05-17,305.49
2016-05-18,306.35
2016-05-19,305.88
2016-05-20,305.52
2016-05-21,305.52
2016-05-22,305.52
2016-05-23,305.48
2016-05-24,305.15
2016-05-25,304.63
2016-05-26,304.62
2016-05-27,304.23
2016-05-28,304.23
2016-05-29,304.23
2016-05-30,302.41
2016-05-31,301.99
2016-06-01,301.99
2016-06-02,302.30
2016-06-03,301.34
2016-06-04,301.34
2016-06-05,301.34
2016-06-06,302.32
2016-06-07,302.11
2016-06-08,301.41
2016-06-09,301.76
2016-06-10,300.86
2016-06-11,300.86
2016-06-12,300.86
2016-06-13,299.16
2016-06-14,299.02
2016-06-15,297.46
2016-06-16,297.62
2016-06-17,296.39
2016-06-18,296.39
2016-06-19,296.39
2016-06-20,296.35
2016-06-21,296.12
2016-06-22,294.71
2016-06-23,295.18
2016-06-24,292.99
2016-06-25,292.99
2016-06-26,292.99
2016-06-27,292.92
2016-06-28,295.12
2016-06-29,295.12
2016-06-30,298.39
2016-07-01,299.39
2016-07-02,299.39
2016-07-03,299.39
2016-07-04,299.52
2016-07-05,298.94
2016-07-06,300.12
2016-07-07,301.02
2016-07-08,301.66
2016-07-09,301.66
2016-07-10,301.66
2016-07-11,301.66
2016-07-12,301.66
2016-07-13,301.66
2016-07-14,301.66
2016-07-15,301.66
2016-07-16,301.66
2016-07-17,301.66
2016-07-18,302.02
2016-07-19,303.45
2016-07-20,304.66
2016-07-21,306.27
2016-07-22,307.09
2016-07-23,307.09
2016-07-24,307.09
2016-07-25,306.85
2016-07-26,307.46
2016-07-27,309.06
2016-07-28,310.50
2016-07-29,311.69
2016-07-30,311.69
2016-07-31,311.69
2016-08-01,312.68
2016-08-02,314.05
2016-08-03,315.36
2016-08-04,316.05
2016-08-05,317.70
2016-08-06,317.70
2016-08-07,317.70
2016-08-08,318.63
2016-08-09,320.01
2016-08-10,322.18
2016-08-11,324.06
2016-08-12,326.60
2016-08-13,326.60
2016-08-14,326.60
2016-08-15,329.22
2016-08-16,337.31
2016-08-17,339.61
2016-08-18,341.81
2016-08-19,340.88
2016-08-20,340.88
2016-08-21,340.88
2016-08-22,339.32
2016-08-23,339.88
2016-08-24,338.90
2016-08-25,338.16
2016-08-26,338.18
2016-08-27,338.18
2016-08-28,338.18
2016-08-29,334.56
2016-08-30,334.22
2016-08-31,332.31
2016-09-01,330.50
2016-09-02,331.09
2016-09-03,331.09
2016-09-04,331.09
2016-09-05,331.49
2016-09-06,331.26
2016-09-07,333.18
2016-09-08,333.52
2016-09-09,334.31
2016-09-10,334.31
2016-09-11,334.31
2016-09-12,334.27
2016-09-13,335.11
2016-09-14,335.91
2016-09-15,336.41
2016-09-16,336.63
2016-09-17,336.63
2016-09-18,336.63
2016-09-19,337.06
2016-09-20,336.93
2016-09-21,337.16
2016-09-22,337.89
2016-09-23,338.54
2016-09-24,338.54
2016-09-25,338.54
2016-09-26,339.39
2016-09-27,340.86
2016-09-28,341.44
2016-09-29,342.45
2016-09-30,342.91
2016-10-01,342.91
2016-10-02,342.91
2016-10-03,343.25
2016-10-04,343.20
2016-10-05,342.01
2016-10-06,341.12
2016-10-07,340.79
2016-10-08,340.79
2016-10-09,340.79
2016-10-10,338.72
2016-10-11,338.37
2016-10-12,338.46
2016-10-13,339.91
2016-10-14,340.67
2016-10-15,340.67
2016-10-16,340.67
2016-10-17,342.27
2016-10-18,344.15
2016-10-19,344.15
2016-10-20,345.21
2016-10-21,344.83
2016-10-22,344.83
2016-10-23,344.83
2016-10-24,345.11
2016-10-25,345.29
2016-10-26,347.03
2016-10-27,348.66
2016-10-28,350.19
2016-10-29,350.19
2016-10-30,350.19
2016-10-31,350.19
2016-11-01,351.50
2016-11-02,353.10
2016-11-03,354.49
2016-11-04,355.89
2016-11-05,355.89
2016-11-06,355.89
2016-11-07,356.16
2016-11-08,357.22
2016-11-09,358.50
2016-11-10,361.23
2016-11-11,359.93
2016-11-12,359.93
2016-11-13,359.93
2016-11-14,359.86
2016-11-15,356.85
2016-11-16,352.89
2016-11-17,353.57
2016-11-18,353.26
2016-11-19,353.26
2016-11-20,353.26
2016-11-21,353.06
2016-11-22,354.90
2016-11-23,355.66
2016-11-24,355.47
2016-11-25,355.47
2016-11-26,355.47
2016-11-27,355.47
2016-11-28,356.74
2016-11-29,357.76
2016-11-30,358.22
2016-12-01,357.99
2016-12-02,358.84
2016-12-03,358.84
2016-12-04,358.84
2016-12-05,358.57
2016-12-06,359.64
2016-12-07,359.17
2016-12-08,359.82
2016-12-09,359.23
2016-12-10,359.23
2016-12-11,359.23
2016-12-12,358.71
2016-12-13,359.83
2016-12-14,360.29
2016-12-15,358.79
2016-12-16,358.24
2016-12-17,358.24
2016-12-18,358.24
2016-12-19,358.29
2016-12-20,358.09
2016-12-21,358.19
2016-12-22,358.50
2016-12-23,358.33
2016-12-24,358.33
2016-12-25,358.33
2016-12-26,358.32
2016-12-27,357.85
2016-12-28,357.96
2016-12-29,357.96
2016-12-30,357.96
2016-12-31,357.96
2017-01-01,357.96
2017-01-02,358.45
2017-01-03,358.08
2017-01-04,358.61
2017-01-05,363.02
2017-01-06,360.92
2017-01-07,361.05
2017-01-08,361.05
2017-01-09,360.38
2017-01-10,360.77
2017-01-11,360.57
2017-01-12,361.37
2017-01-13,361.99
2017-01-14,361.99
2017-01-15,361.99
2017-01-16,361.91
2017-01-17,362.06
2017-01-18,364.95
2017-01-19,362.66
2017-01-20,362.24
2017-01-21,362.24
2017-01-22,362.24
2017-01-23,362.77
2017-01-24,362.32
2017-01-25,360.51
2017-01-26,359.65
2017-01-27,358.29
2017-01-28,358.29
2017-01-29,358.29
2017-01-30,357.94
2017-01-31,357.39
2017-02-01,357.93
2017-02-02,359.07
2017-02-03,360.20
2017-02-04,360.20
2017-02-05,360.20
2017-02-06,360.78
2017-02-07,360.36
2017-02-08,360.20
2017-02-09,361.52
2017-02-10,361.08
2017-02-11,361.08
2017-02-12,361.08
2017-02-13,361.24
2017-02-14,361.72
2017-02-15,361.47
2017-02-16,361.91
2017-02-17,361.45
2017-02-18,361.45
2017-02-19,361.45
2017-02-20,361.01
2017-02-21,360.12
2017-02-22,359.97
2017-02-23,359.70
2017-02-24,359.62
2017-02-25,359.62
2017-02-26,359.62
2017-02-27,359.62
2017-02-28,359.62
2017-03-01,359.62
2017-03-02,359.01
2017-03-03,357.85
2017-03-04,357.85
2017-03-05,357.85
2017-03-06,357.91
2017-03-07,357.53
2017-03-08,357.53
2017-03-09,356.41
2017-03-10,355.82
2017-03-11,355.82
2017-03-12,355.82
2017-03-13,356.03
2017-03-14,355.30
2017-03-15,355.49
2017-03-16,356.17
2017-03-17,355.72
2017-03-18,355.72
2017-03-19,355.72
2017-03-20,355.99
2017-03-21,356.28
2017-03-22,357.18
2017-03-23,357.08
2017-03-24,356.72
2017-03-25,356.72
2017-03-26,356.72
2017-03-27,357.66
2017-03-28,356.74
2017-03-29,356.17
2017-03-30,355.80
2017-03-31,355.15
2017-04-01,355.15
2017-04-02,355.15
2017-04-03,354.78
2017-04-04,354.51
2017-04-05,353.54
2017-04-06,353.06
2017-04-07,352.03
2017-04-08,352.03
2017-04-09,352.03
2017-04-10,350.50
2017-04-11,350.56
2017-04-12,349.76
2017-04-13,349.87
2017-04-14,349.50
2017-04-15,349.50
2017-04-16,349.50
2017-04-17,349.20
2017-04-18,350.07
2017-04-19,350.85
2017-04-20,351.81
2017-04-21,352.04
2017-04-22,352.04
2017-04-23,352.04
2017-04-24,351.77
2017-04-25,351.88
2017-04-26,351.31
2017-04-27,351.09
2017-04-28,350.75
2017-04-29,350.75
2017-04-30,350.75
2017-05-01,350.91
2017-05-02,350.68
2017-05-03,350.66
2017-05-04,350.34
2017-05-05,349.98
2017-05-06,349.98
2017-05-07,349.98
2017-05-08,349.70
2017-05-09,349.42
2017-05-10,349.32
2017-05-11,349.37
2017-05-12,349.37
2017-05-13,349.37
2017-05-14,349.37
2017-05-15,350.09
2017-05-16,350.86
2017-05-17,351.04
2017-05-18,350.83
2017-05-19,350.89
2017-05-20,350.89
2017-05-21,350.89
2017-05-22,350.75
2017-05-23,350.70
2017-05-24,349.92
2017-05-25,350.60
2017-05-26,350.65
2017-05-27,350.65
2017-05-28,350.65
2017-05-29,351.00
2017-05-30,350.42
2017-05-31,351.14
2017-06-01,351.14
2017-06-02,351.36
2017-06-03,351.36
2017-06-04,351.36
2017-06-05,351.31
2017-06-06,351.32
2017-06-07,350.87
2017-06-08,350.02
2017-06-09,349.45
2017-06-10,349.45
2017-06-11,349.45
2017-06-12,349.38
2017-06-13,348.96
2017-06-14,348.64
2017-06-15,348.52
2017-06-16,347.10
2017-06-17,347.10
2017-06-18,347.10
2017-06-19,346.42
2017-06-20,345.32
2017-06-21,345.38
2017-06-22,344.84
2017-06-23,345.19
2017-06-24,345.19
2017-06-25,345.19
2017-06-26,345.19
2017-06-27,344.65
2017-06-28,345.64
2017-06-29,346.56
2017-06-30,346.49
2017-07-01,346.49
2017-07-02,346.49
2017-07-03,346.53
2017-07-04,346.99
2017-07-05,348.85
2017-07-06,350.83
2017-07-07,350.83
2017-07-08,350.83
2017-07-09,350.83
2017-07-10,350.83
2017-07-11,350.83
2017-07-12,350.83
2017-07-13,350.83
2017-07-14,350.83
2017-07-15,350.83
2017-07-16,354.58
2017-07-17,354.87
2017-07-18,356.76
2017-07-19,357.90
2017-07-20,357.55
2017-07-21,357.99
2017-07-22,357.99
2017-07-23,357.99
2017-07-24,359.07
2017-07-25,359.17
2017-07-26,359.74
2017-07-27,361.87
2017-07-28,362.11
2017-07-29,362.11
2017-07-30,362.11
2017-07-31,363.33
2017-08-01,364.57
2017-08-02,365.17
2017-08-03,365.46
2017-08-04,365.65
2017-08-05,365.65
2017-08-06,365.65
2017-08-07,364.82
2017-08-08,365.09
2017-08-09,366.40
2017-08-10,366.94
2017-08-11,366.27
2017-08-12,366.27
2017-08-13,366.27
2017-08-14,366.05
2017-08-15,365.69
2017-08-16,365.13
2017-08-17,366.65
2017-08-18,365.90
2017-08-19,365.90
2017-08-20,365.90
2017-08-21,366.44
2017-08-22,367.10
2017-08-23,366.29
2017-08-24,366.30
2017-08-25,365.63
2017-08-26,365.63
2017-08-27,365.63
2017-08-28,366.62
2017-08-29,368.75
2017-08-30,369.37
2017-08-31,368.43
2017-09-01,369.65
2017-09-02,369.65
2017-09-03,369.65
2017-09-04,372.91
2017-09-05,371.88
2017-09-06,373.48
2017-09-07,375.44
2017-09-08,378.63
2017-09-09,378.63
2017-09-10,378.63
2017-09-11,375.72
2017-09-12,375.30
2017-09-13,376.04
2017-09-14,375.12
2017-09-15,375.71
2017-09-16,375.71
2017-09-17,375.71
2017-09-18,376.39
2017-09-19,374.83
2017-09-20,375.27
2017-09-21,373.69
2017-09-22,374.05
2017-09-23,374.05
2017-09-24,374.05
2017-09-25,372.85
2017-09-26,371.56
2017-09-27,371.01
2017-09-28,369.18
2017-09-29,370.72
2017-09-30,370.72
2017-10-01,370.72
2017-10-02,370.53
2017-10-03,370.20
2017-10-04,370.18
2017-10-05,370.10
2017-10-06,369.71
2017-10-07,369.71
2017-10-08,369.71
2017-10-09,371.10
2017-10-10,373.24
2017-10-11,374.11
2017-10-12,373.69
2017-10-13,373.55
2017-10-14,373.55
2017-10-15,373.55
2017-10-16,373.15
2017-10-17,371.20
2017-10-18,370.91
2017-10-19,370.92
2017-10-20,371.27
2017-10-21,371.27
2017-10-22,371.27
2017-10-23,369.95
2017-10-24,370.02
2017-10-25,369.83
2017-10-26,370.31
2017-10-27,369.29
2017-10-28,369.29
2017-10-29,369.29
2017-10-30,369.35
2017-10-31,370.54
2017-11-01,371.39
2017-11-02,371.95
2017-11-03,370.65
2017-11-04,370.65
2017-11-05,370.65
2017-11-06,369.86
2017-11-07,370.28
2017-11-08,369.74
2017-11-09,369.86
2017-11-10,369.13
2017-11-11,369.13
2017-11-12,369.13
2017-11-13,369.00
2017-11-14,369.09
2017-11-15,368.64
2017-11-16,368.32
2017-11-17,368.56
2017-11-18,368.56
2017-11-19,368.56
2017-11-20,368.69
2017-11-21,368.30
2017-11-22,369.45
2017-11-23,370.95
2017-11-24,370.16
2017-11-25,370.16
2017-11-26,370.16
2017-11-27,370.44
2017-11-28,370.29
2017-11-29,370.56
2017-11-30,369.79
2017-12-01,369.84
2017-12-02,369.84
2017-12-03,369.84
2017-12-04,369.04
2017-12-05,369.25
2017-12-06,369.01
2017-12-07,368.74
2017-12-08,368.44
2017-12-09,368.44
2017-12-10,368.44
2017-12-11,368.36
2017-12-12,368.26
2017-12-13,367.98
2017-12-14,368.56
2017-12-15,368.44
2017-12-16,368.44
2017-12-17,368.44
2017-12-18,366.83
2017-12-19,367.22
2017-12-20,368.61
2017-12-21,368.65
2017-12-22,368.91
2017-12-23,368.91
2017-12-24,368.91
2017-12-25,371.10
2017-12-26,370.88
2017-12-27,370.22
2017-12-28,371.58
2017-12-29,371.58
2017-12-30,371.58
2017-12-31,371.58
2018-01-01,371.58
2018-01-02,373.79
2018-01-03,373.42
2018-01-04,373.90
2018-01-05,374.81
2018-01-06,374.81
2018-01-07,374.81
2018-01-08,374.71
2018-01-09,373.27
2018-01-10,372.95
2018-01-11,374.01
2018-01-12,375.73
2018-01-13,375.73
2018-01-14,375.73
2018-01-15,377.72
2018-01-16,377.55
2018-01-17,376.73
2018-01-18,376.85
2018-01-19,378.55
2018-01-20,378.55
2018-01-21,378.55
2018-01-22,378.19
2018-01-23,378.10
2018-01-24,378.64
2018-01-25,382.15
2018-01-26,382.62
2018-01-27,382.62
2018-01-28,382.62
2018-01-29,382.39
2018-01-30,381.86
2018-01-31,383.92
2018-02-01,383.46
2018-02-02,384.93
2018-02-03,384.93
2018-02-04,384.93
2018-02-05,383.66
2018-02-06,383.98
2018-02-07,385.23
2018-02-08,381.21
2018-02-09,381.66
2018-02-10,381.66
2018-02-11,381.66
2018-02-12,379.66
2018-02-13,378.17
2018-02-14,378.03
2018-02-15,377.41
2018-02-16,377.41
2018-02-17,377.41
2018-02-18,377.41
2018-02-19,377.69
2018-02-20,377.78
2018-02-21,377.79
2018-02-22,377.03
2018-02-23,378.25
2018-02-24,378.25
2018-02-25,378.25
2018-02-26,379.85
2018-02-27,379.67
2018-02-28,378.15
2018-03-01,377.42
2018-03-02,376.96
2018-03-03,376.96
2018-03-04,376.96
2018-03-05,377.50
2018-03-06,377.43
2018-03-07,378.45
2018-03-08,378.45
2018-03-09,378.03
2018-03-10,378.03
2018-03-11,378.03
2018-03-12,378.82
2018-03-13,378.43
2018-03-14,379.18
2018-03-15,378.86
2018-03-16,378.99
2018-03-17,378.99
2018-03-18,378.99
2018-03-19,378.89
2018-03-20,378.84
2018-03-21,378.84
2018-03-22,379.28
2018-03-23,378.71
2018-03-24,378.71
2018-03-25,378.71
2018-03-26,380.41
2018-03-27,382.82
2018-03-28,381.10
2018-03-29,380.34
2018-03-30,381.39
2018-03-31,381.39
2018-04-01,381.39
2018-04-02,381.09
2018-04-03,380.38
2018-04-04,379.32
2018-04-05,379.23
2018-04-06,379.30
2018-04-07,379.30
2018-04-08,379.30
2018-04-09,379.12
2018-04-10,379.91
2018-04-11,380.83
2018-04-12,380.69
2018-04-13,380.71
2018-04-14,380.71
2018-04-15,380.71
2018-04-16,381.54
2018-04-17,381.30
2018-04-18,380.96
2018-04-19,381.33
2018-04-20,380.91
2018-04-21,380.91
2018-04-22,380.91
2018-04-23,380.03
2018-04-24,379.61
2018-04-25,379.31
2018-04-26,378.64
2018-04-27,378.73
2018-04-28,378.73
2018-04-29,378.73
2018-04-30,379.40
2018-05-01,379.29
2018-05-02,377.72
2018-05-03,377.97
2018-05-04,378.10
2018-05-05,378.10
2018-05-06,378.10
2018-05-07,377.39
2018-05-08,377.37
2018-05-09,376.54
2018-05-10,377.33
2018-05-11,378.56
2018-05-12,378.56
2018-05-13,378.56
2018-05-14,378.81
2018-05-15,377.77
2018-05-16,377.06
2018-05-17,377.69
2018-05-18,377.46
2018-05-19,377.46
2018-05-20,377.46
2018-05-21,376.45
2018-05-22,378.18
2018-05-23,377.37
2018-05-24,377.59
2018-05-25,377.23
2018-05-26,377.23
2018-05-27,377.23
2018-05-28,377.03
2018-05-29,375.60
2018-05-30,375.15
2018-05-31,376.40
2018-06-01,376.40
2018-06-02,376.40
2018-06-03,376.40
2018-06-04,375.66
2018-06-05,376.37
2018-06-06,377.08
2018-06-07,377.28
2018-06-08,376.39
2018-06-09,376.39
2018-06-10,376.39
2018-06-11,377.14
2018-06-12,377.10
2018-06-13,376.97
2018-06-14,377.85
2018-06-15,377.07
2018-06-16,377.07
2018-06-17,377.07
2018-06-18,376.38
2018-06-19,375.20
2018-06-20,377.43
2018-06-21,377.07
2018-06-22,377.68
2018-06-23,377.68
2018-06-24,377.68
2018-06-25,376.65
2018-06-26,375.66
2018-06-27,373.67
2018-06-28,371.80
2018-06-29,371.78
2018-06-30,371.78
2018-07-01,371.78
2018-07-02,370.14
2018-07-03,369.63
2018-07-04,372.34
2018-07-05,371.41
2018-07-06,370.35
2018-07-07,370.35
2018-07-08,370.35
2018-07-09,372.14
2018-07-10,372.02
2018-07-11,372.02
2018-07-12,372.02
2018-07-13,372.02
2018-07-14,372.02
2018-07-15,372.02
2018-07-16,368.45
2018-07-17,368.60
2018-07-18,366.80
2018-07-19,364.21
2018-07-20,363.06
2018-07-21,363.06
2018-07-22,363.06
2018-07-23,363.32
2018-07-24,361.50
2018-07-25,363.34
2018-07-26,363.56
2018-07-27,361.81
2018-07-28,361.81
2018-07-29,361.81
2018-07-30,360.92
2018-07-31,360.61
2018-08-01,361.86
2018-08-02,360.43
2018-08-03,356.55
2018-08-04,356.55
2018-08-05,356.55
2018-08-06,359.12
2018-08-07,359.04
2018-08-08,359.83
2018-08-09,359.81
2018-08-10,358.24
2018-08-11,358.24
2018-08-12,358.24
2018-08-13,357.29
2018-08-14,357.22
2018-08-15,356.28
2018-08-16,356.47
2018-08-17,357.78
2018-08-18,357.78
2018-08-19,357.78
2018-08-20,360.14
2018-08-21,360.93
2018-08-22,360.58
2018-08-23,359.49
2018-08-24,358.82
2018-08-25,358.82
2018-08-26,358.82
2018-08-27,362.64
2018-08-28,363.06
2018-08-29,362.50
2018-08-30,361.85
2018-08-31,361.99
2018-09-01,361.99
2018-09-02,361.99
2018-09-03,362.73
2018-09-04,362.18
2018-09-05,362.01
2018-09-06,362.12
2018-09-07,362.64
2018-09-08,362.64
2018-09-09,362.64
2018-09-10,361.68
2018-09-11,362.13
2018-09-12,362.03
2018-09-13,364.04
2018-09-14,364.73
2018-09-15,364.73
2018-09-16,364.73
2018-09-17,364.08
2018-09-18,364.76
2018-09-19,366.44
2018-09-20,367.09
2018-09-21,368.57
2018-09-22,368.57
2018-09-23,368.57
2018-09-24,367.95
2018-09-25,368.72
2018-09-26,369.14
2018-09-27,370.11
2018-09-28,370.83
2018-09-29,370.83
2018-09-30,370.83
2018-10-01,371.25
2018-10-02,373.34
2018-10-03,373.75
2018-10-04,373.87
2018-10-05,373.74
2018-10-06,373.74
2018-10-07,373.74
2018-10-08,371.46
2018-10-09,370.69
2018-10-10,370.70
2018-10-11,370.06
2018-10-12,370.77
2018-10-13,370.77
2018-10-14,370.77
2018-10-15,370.22
2018-10-16,370.71
2018-10-17,370.47
2018-10-18,369.41
2018-10-19,369.86
2018-10-20,369.86
2018-10-21,369.86
2018-10-22,369.67
2018-10-23,369.45
2018-10-24,369.49
2018-10-25,368.97
2018-10-26,369.44
2018-10-27,369.44
2018-10-28,369.44
2018-10-29,368.77
2018-10-30,368.32
2018-10-31,367.86
2018-11-01,368.86
2018-11-02,372.02
2018-11-03,372.02
2018-11-04,372.02
2018-11-05,370.47
2018-11-06,370.56
