Date,EUR
2008-01-02,1717.16
2008-01-03,1714.59
2008-01-04,1719.21
2008-01-07,1720.03
2008-01-08,1720.47
2008-01-09,1722.24
2008-01-10,1721.42
2008-01-11,1718.20
2008-01-14,1729.73
2008-01-15,1740.21
2008-01-16,1740.82
2008-01-17,1734.30
2008-01-18,1714.87
2008-01-21,1714.11
2008-01-22,1698.36
2008-01-23,1693.59
2008-01-24,1706.53
2008-01-25,1712.21
2008-01-28,1726.95
2008-01-29,1720.30
2008-01-30,1729.71
2008-01-31,1731.06
2008-02-01,1739.30
2008-02-04,1744.91
2008-02-05,1739.02
2008-02-06,1734.78
2008-02-07,1715.75
2008-02-11,1711.56
2008-02-12,1706.52
2008-02-13,1702.56
2008-02-14,1703.46
2008-02-15,1712.24
2008-02-18,1715.65
2008-02-19,1718.24
2008-02-20,1726.47
2008-02-21,1723.86
2008-02-22,1726.18
2008-02-25,1734.63
2008-02-26,1736.05
2008-02-27,1733.54
2008-02-28,1761.50
2008-02-29,1768.39
2008-03-03,1788.50
2008-03-04,1779.38
2008-03-05,1779.26
2008-03-06,1778.45
2008-03-07,1794.63
2008-03-10,1804.23
2008-03-11,1803.25
2008-03-12,1800.32
2008-03-13,1802.20
2008-03-14,1826.78
2008-03-17,1828.08
2008-03-18,1848.41
2008-03-19,1843.74
2008-03-20,1838.83
2008-03-21,1818.59
2008-03-24,1807.10
2008-03-25,1798.63
2008-03-26,1815.77
2008-03-27,1823.70
2008-03-28,1839.96
2008-03-31,1841.68
2008-04-01,1845.43
2008-04-02,1830.70
2008-04-03,1823.55
2008-04-04,1825.16
2008-04-07,1833.86
2008-04-08,1829.71
2008-04-09,1841.27
2008-04-10,1833.93
2008-04-11,1849.47
2008-04-14,1846.45
2008-04-15,1842.35
2008-04-16,1850.86
2008-04-17,1848.17
2008-04-18,1862.53
2008-04-21,1859.84
2008-04-22,1851.29
2008-04-23,1852.76
2008-04-24,1862.70
2008-04-25,1836.88
2008-04-28,1813.80
2008-04-29,1820.29
2008-04-30,1811.95
2008-05-01,1814.06
2008-05-02,1809.85
2008-05-05,1801.46
2008-05-06,1801.16
2008-05-07,1801.29
2008-05-08,1804.06
2008-05-09,1784.48
2008-05-12,1800.73
2008-05-13,1794.71
2008-05-14,1806.97
2008-05-15,1794.25
2008-05-16,1806.51
2008-05-19,1803.08
2008-05-20,1812.74
2008-05-21,1812.14
2008-05-22,1827.63
2008-05-23,1833.31
2008-05-26,1826.40
2008-05-27,1830.96
2008-05-28,1829.96
2008-05-29,1825.55
2008-05-30,1810.69
2008-06-02,1797.36
2008-06-03,1803.16
2008-06-04,1808.03
2008-06-05,1791.88
2008-06-06,1790.11
2008-06-09,1808.78
2008-06-10,1835.02
2008-06-11,1804.59
2008-06-12,1794.57
2008-06-13,1789.48
2008-06-16,1784.23
2008-06-17,1784.03
2008-06-18,1797.17
2008-06-19,1797.17
2008-06-20,1799.36
2008-06-23,1802.47
2008-06-24,1797.94
2008-06-25,1801.76
2008-06-26,1801.76
2008-06-27,1812.27
2008-06-30,1823.23
2008-07-01,1832.26
2008-07-02,1824.92
2008-07-03,1830.54
2008-07-04,1836.80
2008-07-07,1818.16
2008-07-08,1811.87
2008-07-09,1819.76
2008-07-10,1815.27
2008-07-14,1819.47
2008-07-15,1837.51
2008-07-16,1849.49
2008-07-17,1841.99
2008-07-18,1835.04
2008-07-21,1832.60
2008-07-22,1836.16
2008-07-23,1841.25
2008-07-24,1822.75
2008-07-25,1810.68
2008-07-28,1815.13
2008-07-29,1816.65
2008-07-30,1820.33
2008-07-31,1803.10
2008-08-01,1804.21
2008-08-04,1797.60
2008-08-05,1799.44
2008-08-06,1789.32
2008-08-07,1789.44
2008-08-08,1784.64
2008-08-11,1750.89
2008-08-12,1735.24
2008-08-13,1718.61
2008-08-14,1721.07
2008-08-15,1719.82
2008-08-18,1698.57
2008-08-19,1699.72
2008-08-20,1690.13
2008-08-21,1699.58
2008-08-22,1704.14
2008-08-25,1711.63
2008-08-26,1697.49
2008-08-27,1685.59
2008-08-28,1695.29
2008-08-29,1699.38
2008-09-01,1696.77
2008-09-02,1686.25
2008-09-03,1668.01
2008-09-04,1657.18
2008-09-05,1640.57
2008-09-08,1640.57
2008-09-09,1642.77
2008-09-10,1621.65
2008-09-11,1626.86
2008-09-12,1600.58
2008-09-15,1621.01
2008-09-16,1640.46
2008-09-17,1634.87
2008-09-18,1631.83
2008-09-19,1645.62
2008-09-22,1629.48
2008-09-23,1672.50
2008-09-24,1688.89
2008-09-25,1683.40
2008-09-26,1687.08
2008-09-29,1672.24
2008-09-30,1643.95
2008-10-01,1646.47
2008-10-02,1618.11
2008-10-03,1592.68
2008-10-06,1588.13
2008-10-07,1557.66
2008-10-08,1553.34
2008-10-09,1560.54
2008-10-10,1572.97
2008-10-13,1556.12
2008-10-14,1560.76
2008-10-15,1563.91
2008-10-16,1557.37
2008-10-17,1540.79
2008-10-20,1542.75
2008-10-21,1543.28
2008-10-22,1516.08
2008-10-23,1470.89
2008-10-24,1466.97
2008-10-27,1446.72
2008-10-28,1423.43
2008-10-29,1429.96
2008-10-30,1454.11
2008-10-31,1511.77
2008-11-03,1454.82
2008-11-04,1468.90
2008-11-05,1451.50
2008-11-06,1469.03
2008-11-07,1473.50
2008-11-10,1466.91
2008-11-11,1473.59
2008-11-12,1477.53
2008-11-13,1459.27
2008-11-14,1439.38
2008-11-17,1471.50
2008-11-18,1465.74
2008-11-19,1464.50
2008-11-20,1462.67
2008-11-21,1450.11
2008-11-24,1453.55
2008-11-25,1466.45
2008-11-26,1502.68
2008-11-27,1502.68
2008-11-28,1510.36
2008-12-01,1525.86
2008-12-02,1502.10
2008-12-03,1508.80
2008-12-04,1518.66
2008-12-05,1532.72
2008-12-08,1562.17
2008-12-09,1587.46
2008-12-10,1577.58
2008-12-11,1592.23
2008-12-12,1609.36
2008-12-15,1637.27
2008-12-16,1645.02
2008-12-17,1686.74
2008-12-18,1708.49
2008-12-19,1788.42
2008-12-22,1734.96
2008-12-23,1746.97
2008-12-24,1737.13
2008-12-25,1739.88
2008-12-26,1752.31
2008-12-29,1755.94
2008-12-30,1801.98
2008-12-31,1786.75
2009-01-02,1793.77
2009-01-05,1778.74
2009-01-06,1789.78
2009-01-07,1743.10
2009-01-08,1777.43
2009-01-09,1764.25
2009-01-12,1785.16
2009-01-13,1748.25
2009-01-14,1749.83
2009-01-15,1773.02
2009-01-16,1790.61
2009-01-19,1787.02
2009-01-20,1821.90
2009-01-21,1777.06
2009-01-22,1769.34
2009-01-23,1778.33
2009-01-26,1758.84
2009-01-27,1778.56
2009-01-28,1777.20
2009-01-29,1824.77
2009-01-30,1807.63
2009-02-02,1779.91
2009-02-03,1791.51
2009-02-04,1797.26
2009-02-05,1847.11
2009-02-06,1829.88
2009-02-09,1824.89
2009-02-10,1845.99
2009-02-11,1844.98
2009-02-12,1854.20
2009-02-13,1854.78
2009-02-16,1862.09
2009-02-17,1861.47
2009-02-18,1841.71
2009-02-19,1848.64
2009-02-20,1854.19
2009-02-23,1851.73
2009-02-24,1906.41
2009-02-25,1875.57
2009-03-02,1887.43
2009-03-03,1929.18
2009-03-04,1955.00
2009-03-05,1947.13
2009-03-06,1964.30
2009-03-09,1982.80
2009-03-10,1984.93
2009-03-11,2000.19
2009-03-12,1993.44
2009-03-13,2018.56
2009-03-16,2033.11
2009-03-17,2042.81
2009-03-18,2058.79
2009-03-19,2069.66
2009-03-20,2138.06
2009-03-23,2162.54
2009-03-24,2161.65
2009-03-25,2144.86
2009-03-26,2117.58
2009-03-27,2111.61
2009-03-30,2087.72
2009-03-31,2009.71
2009-04-01,1990.34
2009-04-02,1961.36
2009-04-03,1954.16
2009-04-06,1938.62
2009-04-07,1911.55
2009-04-08,1887.70
2009-04-09,1864.92
2009-04-10,1888.99
2009-04-13,1861.31
2009-04-14,1872.85
2009-04-15,1889.47
2009-04-16,1880.60
2009-04-17,1874.56
2009-04-20,1863.97
2009-04-21,1848.58
2009-04-22,1842.11
2009-04-23,1839.76
2009-04-24,1846.80
2009-04-27,1878.97
2009-04-28,1875.82
2009-04-29,1854.22
2009-04-30,1877.22
2009-05-01,1902.25
2009-05-04,1890.92
2009-05-05,1894.41
2009-05-06,1898.43
2009-05-07,1892.29
2009-05-08,1885.19
2009-05-11,1906.45
2009-05-12,1935.19
2009-05-13,1941.14
2009-05-14,1947.48
2009-05-15,1934.81
2009-05-18,1934.45
2009-05-19,1915.69
2009-05-20,1934.90
2009-05-21,1939.24
2009-05-22,1960.02
2009-05-25,1985.14
2009-05-26,1996.41
2009-05-27,1993.18
2009-05-28,1996.26
2009-05-29,1982.51
2009-06-02,1999.34
2009-06-03,2016.87
2009-06-04,2033.29
2009-06-05,2029.84
2009-06-08,2024.20
2009-06-09,1980.28
2009-06-10,1988.70
2009-06-11,2016.19
2009-06-12,1997.63
2009-06-15,2008.73
2009-06-16,1979.76
2009-06-17,1977.89
2009-06-18,1982.50
2009-06-19,1991.91
2009-06-22,1989.95
2009-06-23,1984.40
2009-06-24,1985.50
2009-06-25,2018.87
2009-06-26,1999.83
2009-06-29,2012.96
2009-06-30,2012.13
2009-07-01,2025.50
2009-07-02,2022.92
2009-07-03,2025.31
2009-07-06,2012.13
2009-07-07,2005.96
2009-07-08,2007.64
2009-07-09,2003.36
2009-07-10,2013.04
2009-07-14,2005.77
2009-07-15,2018.10
2009-07-16,2027.31
2009-07-17,2035.73
2009-07-20,2036.63
2009-07-21,2057.81
2009-07-22,2059.89
2009-07-23,2058.86
2009-07-24,2067.49
2009-07-27,2065.79
2009-07-28,2071.80
2009-07-29,2077.23
2009-07-30,2060.50
2009-07-31,2044.48
2009-08-03,2052.03
2009-08-04,2069.02
2009-08-05,2093.52
2009-08-06,2091.01
2009-08-07,2088.54
2009-08-10,2081.26
2009-08-11,2058.21
2009-08-12,2052.83
2009-08-13,2045.02
2009-08-14,2062.69
2009-08-17,2066.54
2009-08-18,2045.45
2009-08-19,2044.13
2009-08-20,2040.38
2009-08-21,2056.29
2009-08-24,2064.70
2009-08-25,2059.94
2009-08-26,2054.50
2009-08-27,2058.79
2009-08-28,2041.73
2009-08-31,2048.11
2009-09-01,2032.37
2009-09-02,2039.98
2009-09-03,2017.14
2009-09-04,2024.60
2009-09-07,2019.07
2009-09-08,2028.35
2009-09-09,2038.40
2009-09-10,2047.50
2009-09-11,2059.89
2009-09-14,2065.46
2009-09-15,2059.05
2009-09-16,2068.52
2009-09-17,2083.72
2009-09-18,2091.31
2009-09-21,2081.10
2009-09-22,2081.17
2009-09-23,2099.51
2009-09-24,2104.21
2009-09-25,2099.29
2009-09-28,2090.63
2009-09-29,2080.93
2009-09-30,2078.84
2009-10-01,2086.29
2009-10-02,2090.21
2009-10-05,2089.99
2009-10-06,2107.58
2009-10-07,2128.72
2009-10-08,2136.78
2009-10-09,2147.54
2009-10-12,2138.26
2009-10-13,2127.81
2009-10-14,2133.13
2009-10-15,2139.58
2009-10-16,2142.01
2009-10-19,2140.93
2009-10-20,2149.91
2009-10-21,2155.24
2009-10-22,2154.51
2009-10-23,2154.15
2009-10-26,2157.44
2009-10-27,2153.11
2009-10-28,2126.75
2009-10-29,2115.96
2009-10-30,2099.18
2009-11-02,2109.99
2009-11-03,2100.37
2009-11-04,2102.36
2009-11-05,2099.73
2009-11-06,2111.42
2009-11-09,2118.29
2009-11-10,2131.69
2009-11-11,2131.57
2009-11-12,2137.73
2009-11-13,2134.95
2009-11-16,2125.17
2009-11-17,2147.89
2009-11-18,2146.93
2009-11-19,2137.50
2009-11-20,2137.52
2009-11-23,2145.94
2009-11-24,2156.61
2009-11-25,2154.66
2009-11-27,2168.61
2009-11-30,2150.09
2009-12-01,2184.73
2009-12-02,2183.25
2009-12-03,2196.17
2009-12-04,2200.32
2009-12-07,2198.92
2009-12-08,2166.96
2009-12-09,2162.02
2009-12-10,2149.39
2009-12-11,2147.56
2009-12-14,2148.07
2009-12-15,2132.09
2009-12-16,2112.85
2009-12-17,2096.57
2009-12-18,2072.20
2009-12-21,2065.01
2009-12-22,2050.09
2009-12-23,2049.12
2009-12-24,2040.65
2009-12-25,2057.27
2009-12-28,2064.59
2009-12-29,2066.08
2009-12-30,2078.93
2009-12-31,2071.34
2010-01-04,2086.36
2010-01-05,2076.21
2010-01-06,2099.69
2010-01-07,2092.09
2010-01-08,2103.17
2010-01-11,2105.17
2010-01-12,2130.52
2010-01-13,2122.59
2010-01-14,2117.98
2010-01-15,2118.98
2010-01-18,2096.53
2010-01-19,2087.32
2010-01-20,2086.00
2010-01-21,2052.63
2010-01-22,2038.23
2010-01-25,2048.81
2010-01-26,2050.30
2010-01-27,2046.23
2010-01-28,2043.67
2010-01-29,2043.51
2010-02-01,2031.94
2010-02-02,2020.45
2010-02-03,2027.51
2010-02-04,2032.34
2010-02-05,2016.62
2010-02-08,1989.36
2010-02-09,1982.47
2010-02-10,1988.86
2010-02-11,1990.80
2010-02-12,1987.00
2010-02-15,1960.90
2010-02-16,1960.90
2010-02-17,1960.90
2010-02-18,1980.50
2010-02-19,1949.25
2010-02-22,1937.97
2010-02-23,1959.68
2010-02-24,1972.39
2010-02-25,1955.78
2010-02-26,1952.15
2010-03-01,1966.10
2010-03-02,1972.31
2010-03-03,1957.03
2010-03-04,1961.71
2010-03-05,1952.76
2010-03-08,1940.78
2010-03-09,1940.78
2010-03-10,1942.06
2010-03-11,1929.75
2010-03-12,1937.16
2010-03-15,1944.97
2010-03-16,1950.54
2010-03-17,1938.56
2010-03-18,1954.64
2010-03-19,1932.27
2010-03-22,1922.66
2010-03-23,1900.18
2010-03-24,1878.56
2010-03-25,1847.79
2010-03-26,1829.14
2010-03-29,1829.66
2010-03-30,1845.31
2010-03-31,1847.43
2010-04-01,1834.71
2010-04-02,1842.60
2010-04-05,1849.96
2010-04-06,1840.66
2010-04-07,1832.11
2010-04-08,1829.60
2010-04-09,1826.39
2010-04-12,1854.27
2010-04-13,1884.81
2010-04-14,1883.34
2010-04-15,1896.88
2010-04-16,1905.09
2010-04-19,1908.85
2010-04-20,1895.84
2010-04-21,1895.51
2010-04-22,1882.41
2010-04-23,1872.29
2010-04-26,1840.66
2010-04-27,1843.48
2010-04-28,1836.93
2010-04-29,1810.41
2010-04-30,1812.75
2010-05-03,1831.05
2010-05-04,1831.20
2010-05-05,1830.71
2010-05-06,1805.10
2010-05-07,1785.06
2010-05-10,1766.41
2010-05-11,1808.40
2010-05-12,1764.95
2010-05-13,1753.45
2010-05-14,1749.80
2010-05-17,1732.76
2010-05-18,1704.25
2010-05-19,1722.68
2010-05-20,1696.17
2010-05-21,1726.68
2010-05-24,1736.23
2010-05-25,1733.20
2010-05-26,1695.68
2010-05-27,1704.34
2010-05-28,1698.00
2010-05-31,1710.29
2010-06-02,1703.30
2010-06-03,1690.58
2010-06-04,1701.79
2010-06-07,1687.51
2010-06-08,1649.93
2010-06-09,1655.46
2010-06-10,1656.08
2010-06-11,1664.51
2010-06-14,1675.39
2010-06-15,1680.71
2010-06-16,1684.06
2010-06-17,1696.30
2010-06-18,1697.86
2010-06-21,1711.38
2010-06-22,1715.06
2010-06-23,1699.33
2010-06-24,1697.96
2010-06-25,1691.63
2010-06-28,1692.31
2010-06-29,1693.84
2010-06-30,1671.94
2010-07-01,1671.62
2010-07-02,1672.86
2010-07-05,1706.96
2010-07-06,1712.33
2010-07-07,1721.51
2010-07-08,1721.95
2010-07-09,1732.75
2010-07-14,1738.02
2010-07-15,1741.00
2010-07-16,1741.24
2010-07-19,1769.08
2010-07-20,1773.50
2010-07-21,1774.11
2010-07-22,1761.26
2010-07-23,1750.80
2010-07-26,1758.99
2010-07-27,1760.29
2010-07-28,1765.74
2010-07-29,1764.14
2010-07-30,1766.97
2010-08-02,1766.85
2010-08-03,1769.78
2010-08-04,1784.35
2010-08-05,1779.19
2010-08-06,1772.71
2010-08-09,1772.82
2010-08-10,1782.08
2010-08-11,1762.20
2010-08-12,1742.20
2010-08-13,1715.14
2010-08-16,1703.84
2010-08-17,1696.54
2010-08-18,1696.21
2010-08-19,1690.40
2010-08-20,1679.31
2010-08-23,1678.31
2010-08-24,1659.56
2010-08-25,1647.87
2010-08-26,1652.63
2010-08-27,1652.75
2010-08-30,1655.35
2010-08-31,1657.45
2010-09-01,1651.51
2010-09-02,1665.02
2010-09-03,1687.55
2010-09-06,1703.42
2010-09-07,1706.86
2010-09-08,1690.00
2010-09-09,1673.90
2010-09-10,1673.71
2010-09-13,1685.88
2010-09-14,1698.85
2010-09-15,1715.05
2010-09-16,1732.88
2010-09-17,1741.57
2010-09-20,1756.74
2010-09-21,1747.45
2010-09-22,1737.75
2010-09-23,1761.60
2010-09-24,1772.31
2010-09-27,1767.94
2010-09-28,1787.81
2010-09-29,1780.33
2010-09-30,1804.39
2010-10-01,1802.62
2010-10-04,1805.80
2010-10-05,1809.78
2010-10-06,1811.73
2010-10-07,1818.45
2010-10-08,1838.76
2010-10-11,1831.20
2010-10-12,1831.75
2010-10-13,1814.91
2010-10-14,1835.23
2010-10-15,1850.19
2010-10-18,1843.41
2010-10-19,1809.43
2010-10-20,1811.70
2010-10-21,1791.39
2010-10-22,1809.36
2010-10-25,1800.42
2010-10-26,1811.55
2010-10-27,1798.39
2010-10-28,1775.91
2010-10-29,1775.88
2010-11-01,1778.83
2010-11-02,1793.30
2010-11-03,1788.14
2010-11-04,1804.99
2010-11-05,1819.11
2010-11-08,1823.89
2010-11-09,1792.28
2010-11-10,1774.63
2010-11-11,1764.99
2010-11-12,1764.39
2010-11-15,1738.70
2010-11-16,1743.44
2010-11-17,1737.20
2010-11-18,1720.39
2010-11-19,1729.44
2010-11-22,1735.22
2010-11-23,1734.42
2010-11-24,1708.50
2010-11-25,1682.83
2010-11-29,1667.16
2010-11-30,1658.16
2010-12-01,1631.40
2010-12-02,1617.87
2010-12-03,1627.19
2010-12-06,1628.63
2010-12-07,1633.54
2010-12-08,1610.95
2010-12-09,1618.02
2010-12-10,1605.68
2010-12-13,1599.01
2010-12-14,1630.41
2010-12-15,1612.55
2010-12-16,1608.72
2010-12-17,1638.57
2010-12-20,1633.09
2010-12-21,1635.19
2010-12-22,1634.13
2010-12-23,1633.85
2010-12-24,1634.71
2010-12-27,1641.68
2010-12-28,1652.32
2010-12-29,1649.27
2010-12-30,1662.31
2010-12-31,1679.97
2011-01-03,1679.97
2011-01-04,1672.69
2011-01-05,1690.37
2011-01-06,1690.86
2011-01-07,1682.22
2011-01-10,1661.86
2011-01-11,1647.01
2011-01-12,1648.29
2011-01-13,1629.55
2011-01-14,1643.01
2011-01-17,1666.88
2011-01-18,1654.31
2011-01-19,1659.70
2011-01-20,1677.06
2011-01-21,1670.79
2011-01-24,1693.27
2011-01-25,1711.99
2011-01-26,1711.93
2011-01-27,1705.24
2011-01-28,1705.73
2011-01-31,1696.81
2011-02-01,1713.20
2011-02-02,1728.19
2011-02-07,1703.78
2011-02-08,1706.88
2011-02-09,1713.03
2011-02-10,1722.51
2011-02-11,1706.75
2011-02-14,1702.84
2011-02-15,1691.71
2011-02-16,1698.00
2011-02-17,1697.02
2011-02-18,1698.66
2011-02-21,1711.91
2011-02-22,1696.54
2011-02-23,1719.39
2011-02-24,1718.60
2011-02-25,1734.80
2011-02-28,1726.58
2011-03-01,1733.36
2011-03-02,1724.88
2011-03-03,1735.50
2011-03-04,1746.73
2011-03-07,1745.46
2011-03-08,1745.46
2011-03-09,1731.42
2011-03-10,1718.04
2011-03-11,1711.51
2011-03-14,1725.52
2011-03-15,1718.11
2011-03-16,1718.45
2011-03-17,1711.16
2011-03-18,1715.21
2011-03-21,1725.93
2011-03-22,1730.24
2011-03-23,1720.00
2011-03-24,1705.39
2011-03-25,1715.63
2011-03-28,1695.41
2011-03-29,1695.78
2011-03-30,1686.89
2011-03-31,1695.61
2011-04-01,1691.80
2011-04-04,1701.95
2011-04-05,1700.27
2011-04-06,1720.35
2011-04-07,1726.66
2011-04-08,1741.11
2011-04-09,1741.11
2011-04-10,1741.11
2011-04-11,1742.62
2011-04-12,1737.33
2011-04-13,1747.28
2011-04-14,1748.42
2011-04-15,1748.97
2011-04-16,1748.97
2011-04-17,1748.97
2011-04-18,1737.99
2011-04-19,1738.17
2011-04-20,1769.10
2011-04-21,1799.00
2011-04-22,1802.75
2011-04-23,1802.75
2011-04-24,1802.75
2011-04-25,1812.36
2011-04-26,1820.83
2011-04-27,1835.14
2011-04-28,1861.20
2011-04-29,1867.44
2011-04-30,1867.44
2011-05-01,1867.44
2011-05-02,1872.64
2011-05-03,1872.55
2011-05-04,1883.50
2011-05-05,1885.19
2011-05-06,1825.40
2011-05-07,1825.40
2011-05-08,1825.40
2011-05-09,1808.11
2011-05-10,1780.26
2011-05-11,1761.44
2011-05-12,1732.99
2011-05-13,1744.75
2011-05-14,1744.75
2011-05-15,1744.75
2011-05-16,1723.26
2011-05-17,1720.91
2011-05-18,1731.10
2011-05-19,1738.09
2011-05-20,1750.08
2011-05-21,1750.08
2011-05-22,1750.08
2011-05-23,1711.00
2011-05-24,1713.09
2011-05-25,1725.64
2011-05-26,1745.31
2011-05-27,1764.37
2011-05-28,1764.37
2011-05-29,1764.37
2011-05-30,1762.25
2011-05-31,1794.36
2011-06-01,1794.36
2011-06-02,1802.37
2011-06-03,1809.84
2011-06-04,1809.84
2011-06-05,1809.84
2011-06-06,1832.77
2011-06-07,1837.50
2011-06-08,1835.63
2011-06-09,1826.29
2011-06-10,1805.70
2011-06-11,1805.70
2011-06-12,1805.70
2011-06-13,1800.90
2011-06-14,1814.77
2011-06-15,1808.47
2011-06-16,1776.69
2011-06-17,1779.27
2011-06-18,1779.27
2011-06-19,1779.27
2011-06-20,1792.18
2011-06-21,1811.79
2011-06-22,1821.21
2011-06-23,1806.57
2011-06-24,1796.86
2011-06-25,1796.86
2011-06-26,1796.86
2011-06-27,1788.03
2011-06-28,1809.90
2011-06-29,1815.90
2011-06-30,1821.06
2011-07-01,1819.91
2011-07-02,1819.91
2011-07-03,1819.91
2011-07-04,1818.55
2011-07-05,1808.51
2011-07-06,1790.50
2011-07-07,1778.66
2011-07-08,1773.83
2011-07-09,1761.56
2011-07-10,1761.93
2011-07-11,1761.93
2011-07-12,1761.93
2011-07-13,1761.93
2011-07-14,1761.93
2011-07-15,1761.93
2011-07-16,1761.93
2011-07-17,1761.93
2011-07-18,1739.36
2011-07-19,1756.33
2011-07-20,1761.38
2011-07-21,1774.12
2011-07-22,1802.82
2011-07-23,1802.82
2011-07-24,1802.82
2011-07-25,1802.53
2011-07-26,1818.85
2011-07-27,1820.04
2011-07-28,1809.71
2011-07-29,1785.66
2011-07-30,1785.66
2011-07-31,1785.66
2011-08-01,1805.68
2011-08-02,1764.33
2011-08-03,1761.81
2011-08-04,1758.19
2011-08-05,1747.05
2011-08-06,1747.05
2011-08-07,1747.05
2011-08-08,1774.94
2011-08-09,1754.87
2011-08-10,1775.34
2011-08-11,1753.89
2011-08-12,1749.93
2011-08-13,1749.93
2011-08-14,1749.93
2011-08-15,1763.99
2011-08-16,1776.08
2011-08-17,1779.70
2011-08-18,1782.07
2011-08-19,1768.79
2011-08-20,1768.79
2011-08-21,1768.79
2011-08-22,1787.93
2011-08-23,1795.77
2011-08-24,1785.67
2011-08-25,1795.62
2011-08-26,1793.40
2011-08-27,1793.40
2011-08-28,1793.40
2011-08-29,1808.47
2011-08-30,1801.78
2011-08-31,1805.58
2011-09-01,1788.78
2011-09-02,1785.78
2011-09-03,1785.78
2011-09-04,1785.78
2011-09-05,1774.91
2011-09-06,1784.66
2011-09-07,1757.46
2011-09-08,1759.00
2011-09-09,1736.30
2011-09-10,1736.30
2011-09-11,1736.30
2011-09-12,1701.37
2011-09-13,1706.19
2011-09-14,1713.69
2011-09-15,1733.50
2011-09-16,1738.24
2011-09-17,1738.24
2011-09-18,1738.24
2011-09-19,1728.32
2011-09-20,1728.61
2011-09-21,1725.66
2011-09-22,1702.34
2011-09-23,1702.28
2011-09-24,1702.28
2011-09-25,1702.28
2011-09-26,1695.21
2011-09-27,1708.07
2011-09-28,1731.66
2011-09-29,1749.49
2011-09-30,1738.76
2011-10-01,1738.76
2011-10-02,1738.76
2011-10-03,1721.51
2011-10-04,1699.05
2011-10-05,1720.37
2011-10-06,1727.90
2011-10-07,1732.32
2011-10-08,1732.32
2011-10-09,1732.32
2011-10-10,1742.88
2011-10-11,1751.41
2011-10-12,1756.99
2011-10-13,1770.25
2011-10-14,1770.62
2011-10-15,1770.62
2011-10-16,1770.62
2011-10-17,1789.29
2011-10-18,1768.21
2011-10-19,1783.27
2011-10-20,1774.03
2011-10-21,1780.76
2011-10-22,1780.76
2011-10-23,1780.76
2011-10-24,1803.90
2011-10-25,1812.30
2011-10-26,1811.73
2011-10-27,1817.53
2011-10-28,1837.83
2011-10-29,1837.83
2011-10-30,1837.83
2011-10-31,1822.06
2011-11-01,1786.13
2011-11-02,1791.71
2011-11-03,1782.20
2011-11-04,1802.58
2011-11-05,1802.58
2011-11-06,1802.58
2011-11-07,1805.30
2011-11-08,1810.40
2011-11-09,1830.43
2011-11-10,1803.08
2011-11-11,1812.35
2011-11-12,1812.35
2011-11-13,1812.35
2011-11-14,1835.84
2011-11-15,1817.80
2011-11-16,1789.71
2011-11-17,1785.25
2011-11-18,1786.51
2011-11-19,1786.51
2011-11-20,1786.51
2011-11-21,1781.09
2011-11-22,1784.91
2011-11-23,1776.88
2011-11-24,1774.01
2011-11-25,1766.17
2011-11-26,1766.17
2011-11-27,1766.17
2011-11-28,1775.09
2011-11-29,1787.01
2011-11-30,1779.58
2011-12-01,1810.28
2011-12-02,1812.76
2011-12-03,1812.76
2011-12-04,1812.76
2011-12-05,1815.56
2011-12-06,1804.72
2011-12-07,1834.55
2011-12-08,1838.66
2011-12-09,1822.25
2011-12-10,1822.25
2011-12-11,1822.25
2011-12-12,1838.65
2011-12-13,1820.54
2011-12-14,1792.89
2011-12-15,1794.86
2011-12-16,1790.84
2011-12-17,1790.84
2011-12-18,1790.84
2011-12-19,1789.40
2011-12-20,1787.31
2011-12-21,1807.37
2011-12-22,1799.70
2011-12-23,1815.19
2011-12-24,1815.19
2011-12-25,1815.19
2011-12-26,1818.33
2011-12-27,1821.34
2011-12-28,1822.56
2011-12-29,1822.56
2011-12-30,1806.76
2011-12-31,1806.76
2012-01-01,1806.76
2012-01-02,1810.38
2012-01-03,1823.28
2012-01-04,1841.72
2012-01-05,1832.66
2012-01-06,1825.14
2012-01-07,1825.14
2012-01-08,1825.14
2012-01-09,1826.17
2012-01-10,1812.11
2012-01-11,1799.14
2012-01-12,1779.18
2012-01-13,1799.72
2012-01-14,1799.72
2012-01-15,1799.72
2012-01-16,1777.41
2012-01-17,1777.77
2012-01-18,1782.38
2012-01-19,1782.54
2012-01-20,1797.06
2012-01-21,1797.06
2012-01-22,1797.06
2012-01-23,1781.32
2012-01-24,1795.06
2012-01-25,1789.04
2012-01-26,1796.73
2012-01-27,1794.45
2012-01-28,1794.45
2012-01-29,1794.45
2012-01-30,1799.65
2012-01-31,1798.39
2012-02-01,1780.85
2012-02-02,1796.64
2012-02-03,1787.38
2012-02-04,1787.38
2012-02-05,1787.38
2012-02-06,1774.27
2012-02-07,1778.49
2012-02-08,1786.27
2012-02-09,1782.79
2012-02-10,1776.85
2012-02-11,1776.85
2012-02-12,1776.85
2012-02-13,1770.74
2012-02-14,1758.19
2012-02-15,1755.79
2012-02-16,1735.96
2012-02-17,1747.18
2012-02-18,1744.97
2012-02-19,1744.97
2012-02-20,1750.55
2012-02-21,1757.61
2012-02-22,1757.61
2012-02-23,1757.61
2012-02-24,1757.61
2012-02-25,1757.61
2012-02-26,1757.61
2012-02-27,1788.19
2012-02-28,1792.27
2012-02-29,1804.16
2012-03-01,1786.23
2012-03-02,1780.05
2012-03-03,1780.05
2012-03-04,1780.05
2012-03-05,1761.00
2012-03-06,1762.23
2012-03-07,1753.63
2012-03-08,1753.63
2012-03-09,1769.35
2012-03-10,1769.35
2012-03-11,1769.35
2012-03-12,1757.29
2012-03-13,1765.16
2012-03-14,1744.07
2012-03-15,1742.97
2012-03-16,1743.24
2012-03-17,1743.24
2012-03-18,1743.24
2012-03-19,1755.29
2012-03-20,1758.24
2012-03-21,1761.47
2012-03-22,1758.79
2012-03-23,1762.51
2012-03-24,1762.51
2012-03-25,1762.51
2012-03-26,1763.75
2012-03-27,1773.74
2012-03-28,1774.00
2012-03-29,1766.57
2012-03-30,1760.47
2012-03-31,1760.47
2012-04-01,1760.47
2012-04-02,1759.18
2012-04-03,1753.55
2012-04-04,1724.36
2012-04-05,1714.31
2012-04-06,1699.00
2012-04-07,1699.00
2012-04-08,1699.00
2012-04-09,1702.04
2012-04-10,1705.21
2012-04-11,1712.97
2012-04-12,1719.97
2012-04-13,1727.93
2012-04-14,1727.93
2012-04-15,1727.93
2012-04-16,1709.90
2012-04-17,1726.27
2012-04-18,1724.75
2012-04-19,1731.35
2012-04-20,1732.96
2012-04-21,1732.96
2012-04-22,1732.96
2012-04-23,1735.36
2012-04-24,1740.38
2012-04-25,1742.41
2012-04-26,1750.60
2012-04-27,1741.21
2012-04-28,1741.21
2012-04-29,1741.21
2012-04-30,1743.39
2012-05-01,1748.09
2012-05-02,1733.13
2012-05-03,1731.01
2012-05-04,1730.61
2012-05-05,1730.61
2012-05-06,1730.61
2012-05-07,1713.70
2012-05-08,1716.47
2012-05-09,1710.39
2012-05-10,1705.74
2012-05-11,1700.75
2012-05-12,1700.75
2012-05-13,1700.75
2012-05-14,1695.13
2012-05-15,1694.19
2012-05-16,1674.60
2012-05-17,1679.79
2012-05-18,1672.72
2012-05-19,1672.72
2012-05-20,1672.72
2012-05-21,1688.49
2012-05-22,1692.49
2012-05-23,1672.52
2012-05-24,1655.82
2012-05-25,1661.31
2012-05-26,1661.31
2012-05-27,1661.31
2012-05-28,1660.85
2012-05-29,1657.94
2012-05-30,1637.91
2012-05-31,1632.37
2012-06-01,1632.37
2012-06-02,1632.37
2012-06-03,1632.37
2012-06-04,1634.01
2012-06-05,1638.22
2012-06-06,1646.02
2012-06-07,1654.39
2012-06-08,1646.99
2012-06-09,1646.99
2012-06-10,1646.99
2012-06-11,1664.55
2012-06-12,1649.92
2012-06-13,1653.87
2012-06-14,1664.24
2012-06-15,1675.04
2012-06-16,1675.04
2012-06-17,1675.04
2012-06-18,1688.92
2012-06-19,1680.70
2012-06-20,1690.03
2012-06-21,1687.42
2012-06-22,1676.67
2012-06-23,1676.67
2012-06-24,1676.67
2012-06-25,1674.40
2012-06-26,1680.48
2012-06-27,1676.25
2012-06-28,1676.25
2012-06-29,1687.12
2012-06-30,1687.12
2012-07-01,1687.12
2012-07-02,1695.29
2012-07-03,1684.80
2012-07-04,1686.53
2012-07-05,1675.30
2012-07-06,1657.55
2012-07-07,1657.55
2012-07-08,1657.55
2012-07-09,1645.31
2012-07-10,1646.45
2012-07-11,1646.45
2012-07-12,1646.45
2012-07-13,1646.45
2012-07-14,1646.45
2012-07-15,1646.45
2012-07-16,1641.49
2012-07-17,1650.75
2012-07-18,1651.91
2012-07-19,1654.30
2012-07-20,1654.07
2012-07-21,1654.07
2012-07-22,1654.07
2012-07-23,1628.71
2012-07-24,1633.79
2012-07-25,1634.34
2012-07-26,1636.85
2012-07-27,1651.88
2012-07-28,1651.88
2012-07-29,1651.88
2012-07-30,1657.05
2012-07-31,1654.27
2012-08-01,1660.95
2012-08-02,1655.60
2012-08-03,1653.63
2012-08-04,1653.63
2012-08-05,1653.63
2012-08-06,1674.74
2012-08-07,1684.66
2012-08-08,1680.06
2012-08-09,1677.41
2012-08-10,1668.42
2012-08-11,1668.42
2012-08-12,1668.42
2012-08-13,1671.01
2012-08-14,1683.66
2012-08-15,1677.99
2012-08-16,1671.25
2012-08-17,1684.67
2012-08-18,1684.67
2012-08-19,1684.67
2012-08-20,1684.89
2012-08-21,1694.91
2012-08-22,1701.51
2012-08-23,1718.06
2012-08-24,1717.80
2012-08-25,1717.80
2012-08-26,1717.80
2012-08-27,1718.36
2012-08-28,1721.54
2012-08-29,1728.75
2012-08-30,1733.34
2012-08-31,1729.21
2012-09-01,1729.21
2012-09-02,1729.21
2012-09-03,1737.29
2012-09-04,1744.41
2012-09-05,1734.86
2012-09-06,1748.86
2012-09-07,1760.40
2012-09-08,1760.40
2012-09-09,1760.40
2012-09-10,1781.83
2012-09-11,1784.25
2012-09-12,1793.41
2012-09-13,1800.13
2012-09-14,1817.09
2012-09-15,1817.09
2012-09-16,1817.09
2012-09-17,1834.16
2012-09-18,1832.05
2012-09-19,1826.29
2012-09-20,1817.80
2012-09-21,1819.48
2012-09-22,1819.48
2012-09-23,1819.48
2012-09-24,1816.82
2012-09-25,1808.52
2012-09-26,1802.97
2012-09-27,1797.70
2012-09-28,1803.26
2012-09-29,1803.26
2012-09-30,1803.26
2012-10-01,1793.42
2012-10-02,1794.91
2012-10-03,1794.32
2012-10-04,1795.64
2012-10-05,1798.27
2012-10-06,1798.27
2012-10-07,1798.27
2012-10-08,1794.35
2012-10-09,1783.68
2012-10-10,1775.46
2012-10-11,1774.42
2012-10-12,1790.28
2012-10-13,1790.28
2012-10-14,1790.28
2012-10-15,1785.67
2012-10-16,1795.27
2012-10-17,1809.65
2012-10-18,1810.81
2012-10-19,1808.51
2012-10-20,1808.51
2012-10-21,1808.51
2012-10-22,1809.54
2012-10-23,1810.06
2012-10-24,1803.17
2012-10-25,1812.51
2012-10-26,1800.82
2012-10-27,1800.82
2012-10-28,1800.82
2012-10-29,1801.58
2012-10-30,1806.85
2012-10-31,1812.97
2012-11-01,1807.89
2012-11-02,1803.50
2012-11-03,1803.50
2012-11-04,1803.50
2012-11-05,1788.76
2012-11-06,1788.71
2012-11-07,1799.37
2012-11-08,1785.57
2012-11-09,1780.94
2012-11-10,1780.94
2012-11-11,1780.94
2012-11-12,1774.27
2012-11-13,1770.79
2012-11-14,1770.79
2012-11-15,1775.02
2012-11-16,1779.61
2012-11-17,1779.61
2012-11-18,1779.61
2012-11-19,1780.19
2012-11-20,1779.35
2012-11-21,1779.35
2012-11-22,1792.34
2012-11-23,1797.63
2012-11-24,1797.63
2012-11-25,1797.63
2012-11-26,1810.02
2012-11-27,1815.11
2012-11-28,1805.09
2012-11-29,1810.51
2012-11-30,1819.05
2012-12-01,1819.05
2012-12-02,1819.05
2012-12-03,1822.10
2012-12-04,1830.55
2012-12-05,1839.58
2012-12-06,1829.35
2012-12-07,1812.59
2012-12-08,1812.59
2012-12-09,1812.59
2012-12-10,1807.45
2012-12-11,1813.01
2012-12-12,1818.43
2012-12-13,1825.19
2012-12-14,1829.60
2012-12-15,1829.60
2012-12-16,1829.60
2012-12-17,1834.42
2012-12-18,1835.46
2012-12-19,1844.00
2012-12-20,1842.90
2012-12-21,1836.28
2012-12-22,1836.28
2012-12-23,1836.28
2012-12-24,1837.69
2012-12-25,1836.84
2012-12-26,1836.42
2012-12-27,1844.14
2012-12-28,1835.83
2012-12-29,1835.83
2012-12-30,1835.83
2012-12-31,1835.83
2013-01-01,1835.83
2013-01-02,1848.66
2013-01-03,1829.84
2013-01-04,1807.03
2013-01-05,1821.13
2013-01-06,1821.13
2013-01-07,1816.36
2013-01-08,1829.23
2013-01-09,1826.94
2013-01-10,1825.32
2013-01-11,1852.22
2013-01-12,1852.22
2013-01-13,1852.22
2013-01-14,1867.91
2013-01-15,1865.28
2013-01-16,1849.73
2013-01-17,1850.91
2013-01-18,1859.74
2013-01-19,1859.74
2013-01-20,1859.74
2013-01-21,1852.85
2013-01-22,1861.38
2013-01-23,1845.84
2013-01-24,1847.10
2013-01-25,1865.71
2013-01-26,1865.71
2013-01-27,1865.71
2013-01-28,1870.87
2013-01-29,1871.48
2013-01-30,1881.35
2013-01-31,1887.41
2013-02-01,1897.67
2013-02-02,1897.67
2013-02-03,1897.67
2013-02-04,1895.58
2013-02-05,1875.85
2013-02-06,1885.89
2013-02-07,1882.81
2013-02-08,1863.48
2013-02-09,1863.48
2013-02-10,1863.48
2013-02-11,1863.48
2013-02-12,1863.48
2013-02-13,1870.39
2013-02-14,1861.85
2013-02-15,1859.80
2013-02-16,1859.80
2013-02-17,1859.80
2013-02-18,1857.15
2013-02-19,1857.85
2013-02-20,1868.64
2013-02-21,1846.50
2013-02-22,1842.93
2013-02-23,1842.93
2013-02-24,1842.93
2013-02-25,1846.16
2013-02-26,1826.26
2013-02-27,1834.74
2013-02-28,1843.34
2013-03-01,1832.91
2013-03-02,1832.91
2013-03-03,1832.91
2013-03-04,1824.46
2013-03-05,1831.32
2013-03-06,1829.81
2013-03-07,1820.56
2013-03-08,1820.56
2013-03-09,1820.56
2013-03-10,1820.56
2013-03-11,1821.09
2013-03-12,1821.09
2013-03-13,1830.27
2013-03-14,1815.94
2013-03-15,1824.60
2013-03-16,1824.60
2013-03-17,1824.60
2013-03-18,1811.65
2013-03-19,1819.89
2013-03-20,1811.43
2013-03-21,1820.97
2013-03-22,1813.19
2013-03-23,1813.19
2013-03-24,1813.19
2013-03-25,1833.00
2013-03-26,1813.52
2013-03-27,1808.77
2013-03-28,1804.13
2013-03-29,1806.97
2013-03-30,1806.97
2013-03-31,1806.97
2013-04-01,1807.57
2013-04-02,1812.08
2013-04-03,1804.30
2013-04-04,1804.20
2013-04-05,1819.70
2013-04-06,1819.70
2013-04-07,1819.70
2013-04-08,1833.27
2013-04-09,1838.38
2013-04-10,1850.03
2013-04-11,1843.52
2013-04-12,1844.08
2013-04-13,1844.08
2013-04-14,1844.08
2013-04-15,1847.83
2013-04-16,1847.35
2013-04-17,1861.33
2013-04-18,1848.96
2013-04-19,1857.36
2013-04-20,1857.36
2013-04-21,1857.36
2013-04-22,1855.59
2013-04-23,1851.05
2013-04-24,1852.57
2013-04-25,1861.67
2013-04-26,1865.42
2013-04-27,1865.42
2013-04-28,1865.42
2013-04-29,1876.35
2013-04-30,1879.23
2013-05-01,1888.87
2013-05-02,1889.03
2013-05-03,1877.98
2013-05-04,1877.98
2013-05-05,1877.98
2013-05-06,1880.10
2013-05-07,1877.85
2013-05-08,1881.00
2013-05-09,1891.28
2013-05-10,1872.52
2013-05-11,1872.52
2013-05-12,1872.52
2013-05-13,1862.62
2013-05-14,1868.85
2013-05-15,1856.79
2013-05-16,1850.21
2013-05-17,1849.60
2013-05-18,1849.60
2013-05-19,1849.60
2013-05-20,1852.32
2013-05-21,1853.94
2013-05-22,1863.42
2013-05-23,1851.63
2013-05-24,1861.76
2013-05-25,1861.76
2013-05-26,1861.76
2013-05-27,1865.93
2013-05-28,1860.73
2013-05-29,1854.85
2013-05-30,1870.72
2013-05-31,1879.84
2013-06-01,1879.84
2013-06-02,1879.84
2013-06-03,1879.21
2013-06-04,1883.83
2013-06-05,1880.77
2013-06-06,1885.40
2013-06-07,1898.58
2013-06-08,1898.58
2013-06-09,1898.58
2013-06-10,1893.00
2013-06-11,1901.12
2013-06-12,1907.22
2013-06-13,1913.31
2013-06-14,1909.34
2013-06-15,1909.34
2013-06-16,1909.34
2013-06-17,1917.71
2013-06-18,1923.30
2013-06-19,1925.72
2013-06-20,1903.74
2013-06-21,1901.16
2013-06-22,1901.16
2013-06-23,1901.16
2013-06-24,1887.79
2013-06-25,1892.32
2013-06-26,1892.32
2013-06-27,1882.29
2013-06-28,1886.89
2013-06-29,1886.89
2013-06-30,1886.89
2013-07-01,1888.42
2013-07-02,1894.82
2013-07-03,1876.14
2013-07-04,1891.90
2013-07-05,1881.41
2013-07-06,1881.41
2013-07-07,1881.41
2013-07-08,1878.83
2013-07-09,1883.22
2013-07-10,1870.78
2013-07-11,1870.78
2013-07-12,1870.78
2013-07-13,1870.78
2013-07-14,1870.78
2013-07-15,1907.71
2013-07-16,1913.27
2013-07-17,1923.46
2013-07-18,1926.39
2013-07-19,1929.94
2013-07-20,1929.94
2013-07-21,1929.94
2013-07-22,1945.86
2013-07-23,1961.28
2013-07-24,1980.53
2013-07-25,1985.95
2013-07-26,2002.37
2013-07-27,2002.37
2013-07-28,2002.37
2013-07-29,1992.35
2013-07-30,1991.50
2013-07-31,1991.69
2013-08-01,1988.28
2013-08-02,1992.17
2013-08-03,1992.17
2013-08-04,1992.17
2013-08-05,2030.54
2013-08-06,2053.38
2013-08-07,2076.22
2013-08-08,2095.91
2013-08-09,2091.88
2013-08-10,2091.88
2013-08-11,2091.88
2013-08-12,2086.21
2013-08-13,2083.44
2013-08-14,2081.37
2013-08-15,2085.00
2013-08-16,2096.95
2013-08-17,2096.95
2013-08-18,2096.95
2013-08-19,2097.69
2013-08-20,2105.32
2013-08-21,2114.96
2013-08-22,2115.83
2013-08-23,2116.45
2013-08-24,2116.45
2013-08-25,2116.45
2013-08-26,2125.54
2013-08-27,2137.77
2013-08-28,2144.75
2013-08-29,2140.96
2013-08-30,2139.99
2013-08-31,2139.99
2013-09-01,2139.99
2013-09-02,2143.27
2013-09-03,2165.51
2013-09-04,2177.21
2013-09-05,2200.73
2013-09-06,2209.54
2013-09-07,2209.54
2013-09-08,2209.54
2013-09-09,2256.83
2013-09-10,2266.73
2013-09-11,2276.01
2013-09-12,2292.48
2013-09-13,2267.01
2013-09-14,2267.01
2013-09-15,2267.01
2013-09-16,2249.65
2013-09-17,2235.92
2013-09-18,2214.75
2013-09-19,2219.26
2013-09-20,2188.68
2013-09-21,2188.68
2013-09-22,2188.68
2013-09-23,2183.13
2013-09-24,2188.39
2013-09-25,2197.58
2013-09-26,2202.42
2013-09-27,2221.92
2013-09-28,2221.92
2013-09-29,2221.92
2013-09-30,2235.92
2013-10-01,2238.77
2013-10-02,2242.23
2013-10-03,2262.18
2013-10-04,2259.56
2013-10-05,2259.56
2013-10-06,2259.56
2013-10-07,2259.47
2013-10-08,2267.63
2013-10-09,2257.65
2013-10-10,2273.07
2013-10-11,2285.52
2013-10-12,2285.52
2013-10-13,2285.52
2013-10-14,2287.91
2013-10-15,2295.28
2013-10-16,2286.33
2013-10-17,2310.92
2013-10-18,2315.32
2013-10-19,2315.32
2013-10-20,2315.32
2013-10-21,2321.08
2013-10-22,2320.46
2013-10-23,2337.68
2013-10-24,2345.93
2013-10-25,2349.51
2013-10-26,2349.51
2013-10-27,2349.51
2013-10-28,2362.68
2013-10-29,2361.65
2013-10-30,2362.29
2013-10-31,2351.30
2013-11-01,2307.27
2013-11-02,2307.27
2013-11-03,2307.27
2013-11-04,2307.27
2013-11-05,2292.17
2013-11-06,2303.74
2013-11-07,2319.50
2013-11-08,2302.11
2013-11-09,2302.11
2013-11-10,2302.11
2013-11-11,2305.62
2013-11-12,2310.60
2013-11-13,2325.34
2013-11-14,2340.10
2013-11-15,2357.26
2013-11-16,2357.26
2013-11-17,2357.26
2013-11-18,2353.72
2013-11-19,2362.95
2013-11-20,2363.22
2013-11-21,2343.85
2013-11-22,2354.21
2013-11-23,2354.21
2013-11-24,2354.21
2013-11-25,2363.69
2013-11-26,2365.06
2013-11-27,2369.94
2013-11-28,2370.73
2013-11-29,2369.94
2013-11-30,2369.94
2013-12-01,2369.94
2013-12-02,2370.51
2013-12-03,2356.98
2013-12-04,2351.38
2013-12-05,2357.52
2013-12-06,2353.83
2013-12-07,2353.83
2013-12-08,2353.83
2013-12-09,2348.50
2013-12-10,2351.06
2013-12-11,2347.19
2013-12-12,2334.70
2013-12-13,2301.24
2013-12-14,2301.24
2013-12-15,2301.24
2013-12-16,2284.11
2013-12-17,2280.78
2013-12-18,2268.69
2013-12-19,2246.80
2013-12-20,2221.05
2013-12-21,2221.05
2013-12-22,2221.05
2013-12-23,2230.86
2013-12-24,2217.66
2013-12-25,2211.86
2013-12-26,2223.90
2013-12-27,2255.41
2013-12-28,2255.41
2013-12-29,2255.41
2013-12-30,2275.63
2013-12-31,2288.81
2014-01-01,2288.81
2014-01-02,2304.57
2014-01-03,2312.42
2014-01-04,2312.42
2014-01-05,2312.42
2014-01-06,2299.23
2014-01-07,2344.05
2014-01-08,2345.94
2014-01-09,2361.96
2014-01-10,2344.33
2014-01-11,2344.33
2014-01-12,2344.33
2014-01-13,2341.95
2014-01-14,2328.79
2014-01-15,2323.58
2014-01-16,2324.75
2014-01-17,2328.21
2014-01-18,2328.21
2014-01-19,2328.21
2014-01-20,2324.72
2014-01-21,2326.35
2014-01-22,2329.80
2014-01-23,2341.94
2014-01-24,2358.63
2014-01-25,2358.63
2014-01-26,2358.63
2014-01-27,2357.74
2014-01-28,2354.59
2014-01-29,2352.56
2014-01-30,2351.51
2014-01-31,2351.51
2014-02-01,2351.51
2014-02-02,2351.51
2014-02-03,2322.97
2014-02-04,2333.38
2014-02-05,2335.81
2014-02-06,2339.96
2014-02-07,2359.59
2014-02-08,2359.59
2014-02-09,2359.59
2014-02-10,2375.25
2014-02-11,2382.62
2014-02-12,2382.21
2014-02-13,2382.76
2014-02-14,2398.20
2014-02-15,2398.20
2014-02-16,2398.20
2014-02-17,2397.84
2014-02-18,2398.52
2014-02-19,2416.00
2014-02-20,2415.91
2014-02-21,2426.73
2014-02-22,2426.73
2014-02-23,2426.73
2014-02-24,2439.93
2014-02-25,2447.92
2014-02-26,2451.49
2014-02-27,2444.26
2014-02-28,2403.39
2014-03-01,2403.39
2014-03-02,2403.39
2014-03-03,2412.14
2014-03-04,2407.40
2014-03-05,2426.05
2014-03-06,2431.83
2014-03-07,2462.17
2014-03-08,2462.17
2014-03-09,2462.17
2014-03-10,2469.46
2014-03-11,2458.88
2014-03-12,2449.31
2014-03-13,2467.07
2014-03-14,2446.81
2014-03-15,2446.81
2014-03-16,2446.81
2014-03-17,2454.06
2014-03-18,2461.83
2014-03-19,2464.37
2014-03-20,2454.89
2014-03-21,2445.10
2014-03-22,2445.10
2014-03-23,2445.10
2014-03-24,2454.75
2014-03-25,2464.58
2014-03-26,2466.47
2014-03-27,2457.49
2014-03-28,2450.28
2014-03-29,2450.28
2014-03-30,2450.28
2014-03-31,2451.87
2014-04-01,2459.21
2014-04-02,2460.57
2014-04-03,2456.17
2014-04-04,2445.27
2014-04-05,2445.27
2014-04-06,2445.27
2014-04-07,2439.13
2014-04-08,2453.36
2014-04-09,2460.51
2014-04-10,2467.92
2014-04-11,2472.42
2014-04-12,2472.42
2014-04-13,2472.42
2014-04-14,2464.26
2014-04-15,2455.05
2014-04-16,2462.19
2014-04-17,2463.68
2014-04-18,2461.78
2014-04-19,2461.78
2014-04-20,2461.78
2014-04-21,2462.43
2014-04-22,2463.60
2014-04-23,2467.47
2014-04-24,2473.53
2014-04-25,2476.95
2014-04-26,2476.95
2014-04-27,2476.95
2014-04-28,2485.10
2014-04-29,2492.27
2014-04-30,2480.36
2014-05-01,2492.93
2014-05-02,2488.37
2014-05-03,2488.37
2014-05-04,2488.37
2014-05-05,2494.86
2014-05-06,2505.94
2014-05-07,2510.23
2014-05-08,2515.77
2014-05-09,2502.79
2014-05-10,2502.79
2014-05-11,2502.79
2014-05-12,2489.70
2014-05-13,2493.22
2014-05-14,2488.07
2014-05-15,2486.50
2014-05-16,2492.01
2014-05-17,2492.01
2014-05-18,2492.01
2014-05-19,2486.31
2014-05-20,2491.65
2014-05-21,2502.55
2014-05-22,2498.18
2014-05-23,2490.40
2014-05-24,2490.40
2014-05-25,2490.40
2014-05-26,2484.56
2014-05-27,2491.41
2014-05-28,2481.01
2014-05-29,2471.73
2014-05-30,2475.36
2014-05-31,2475.36
2014-06-01,2475.36
2014-06-02,2477.85
2014-06-03,2481.40
2014-06-04,2482.22
2014-06-05,2485.59
2014-06-06,2491.05
2014-06-07,2491.05
2014-06-08,2491.05
2014-06-09,2488.68
2014-06-10,2480.49
2014-06-11,2470.48
2014-06-12,2469.28
2014-06-13,2476.00
2014-06-14,2476.00
2014-06-15,2476.00
2014-06-16,2468.07
2014-06-17,2474.89
2014-06-18,2469.98
2014-06-19,2484.66
2014-06-20,2482.69
2014-06-21,2482.69
2014-06-22,2482.69
2014-06-23,2479.88
2014-06-24,2483.27
2014-06-25,2485.38
2014-06-26,2488.41
2014-06-27,2487.43
2014-06-28,2487.43
2014-06-29,2487.43
2014-06-30,2492.04
2014-07-01,2500.90
2014-07-02,2496.83
2014-07-03,2495.98
2014-07-04,2484.12
2014-07-05,2484.12
2014-07-06,2484.12
2014-07-07,2485.97
2014-07-08,2490.85
2014-07-09,2497.87
2014-07-10,2506.67
2014-07-11,2506.67
2014-07-12,2506.67
2014-07-13,2506.67
2014-07-14,2506.67
2014-07-15,2506.67
2014-07-16,2489.99
2014-07-17,2490.50
2014-07-18,2492.32
2014-07-19,2492.32
2014-07-20,2492.32
2014-07-21,2493.78
2014-07-22,2493.90
2014-07-23,2489.07
2014-07-24,2496.67
2014-07-25,2500.62
2014-07-26,2500.62
2014-07-27,2500.62
2014-07-28,2499.44
2014-07-29,2508.10
2014-07-30,2505.52
2014-07-31,2506.28
2014-08-01,2499.37
2014-08-02,2499.37
2014-08-03,2499.37
2014-08-04,2511.01
2014-08-05,2510.46
2014-08-06,2507.26
2014-08-07,2512.25
2014-08-08,2516.76
2014-08-09,2516.76
2014-08-10,2516.76
2014-08-11,2523.81
2014-08-12,2523.80
2014-08-13,2526.17
2014-08-14,2535.46
2014-08-15,2523.70
2014-08-16,2523.70
2014-08-17,2523.70
2014-08-18,2505.75
2014-08-19,2482.46
2014-08-20,2470.84
2014-08-21,2463.19
2014-08-22,2455.13
2014-08-23,2455.13
2014-08-24,2455.13
2014-08-25,2421.41
2014-08-26,2413.01
2014-08-27,2408.21
2014-08-28,2399.58
2014-08-29,2385.04
2014-08-30,2385.04
2014-08-31,2385.04
2014-09-01,2367.04
2014-09-02,2366.76
2014-09-03,2388.21
2014-09-04,2408.34
2014-09-05,2373.31
2014-09-06,2373.31
2014-09-07,2373.31
2014-09-08,2377.45
2014-09-09,2371.01
2014-09-10,2382.70
2014-09-11,2385.98
2014-09-12,2384.21
2014-09-13,2384.21
2014-09-14,2384.21
2014-09-15,2386.29
2014-09-16,2386.21
2014-09-17,2388.02
2014-09-18,2369.69
2014-09-19,2370.36
2014-09-20,2370.36
2014-09-21,2370.36
2014-09-22,2364.02
2014-09-23,2364.82
2014-09-24,2365.16
2014-09-25,2338.80
2014-09-26,2344.70
2014-09-27,2344.70
2014-09-28,2344.70
2014-09-29,2333.07
2014-09-30,2335.19
2014-10-01,2319.27
2014-10-02,2325.13
2014-10-03,2329.20
2014-10-04,2329.20
2014-10-05,2329.20
2014-10-06,2310.51
2014-10-07,2330.51
2014-10-08,2333.73
2014-10-09,2360.47
2014-10-10,2339.02
2014-10-11,2339.02
2014-10-12,2339.02
2014-10-13,2338.70
2014-10-14,2347.91
2014-10-15,2339.16
2014-10-16,2367.48
2014-10-17,2365.55
2014-10-18,2365.55
2014-10-19,2365.55
2014-10-20,2364.23
2014-10-21,2376.05
2014-10-22,2355.76
2014-10-23,2342.48
2014-10-24,2342.74
2014-10-25,2342.74
2014-10-26,2342.74
2014-10-27,2353.71
2014-10-28,2360.28
2014-10-29,2365.74
2014-10-30,2343.06
2014-10-31,2340.71
2014-11-01,2340.71
2014-11-02,2340.71
2014-11-03,2330.57
2014-11-04,2337.73
2014-11-05,2339.00
2014-11-06,2342.66
2014-11-07,2320.22
2014-11-08,2320.22
2014-11-09,2320.22
2014-11-10,2337.29
2014-11-11,2324.31
2014-11-12,2342.64
2014-11-13,2337.21
2014-11-14,2336.18
2014-11-15,2336.18
2014-11-16,2336.18
2014-11-17,2354.05
2014-11-18,2347.06
2014-11-19,2358.74
2014-11-20,2360.97
2014-11-21,2365.64
2014-11-22,2365.64
2014-11-23,2365.64
2014-11-24,2340.44
2014-11-25,2348.39
2014-11-26,2360.12
2014-11-27,2371.52
2014-11-28,2357.69
2014-11-29,2357.69
2014-11-30,2357.69
2014-12-01,2346.55
2014-12-02,2336.14
2014-12-03,2320.67
2014-12-04,2307.74
2014-12-05,2322.62
2014-12-06,2322.62
2014-12-07,2322.62
2014-12-08,2305.46
2014-12-09,2321.60
2014-12-10,2331.47
2014-12-11,2357.43
2014-12-12,2343.07
2014-12-13,2343.07
2014-12-14,2343.07
2014-12-15,2355.71
2014-12-16,2363.23
2014-12-17,2364.83
2014-12-18,2327.75
2014-12-19,2299.85
2014-12-20,2299.85
2014-12-21,2299.85
2014-12-22,2294.09
2014-12-23,2296.14
2014-12-24,2293.90
2014-12-25,2299.83
2014-12-26,2300.11
2014-12-27,2300.11
2014-12-28,2300.11
2014-12-29,2300.11
2014-12-30,2293.36
2014-12-31,2295.40
2015-01-01,2295.40
2015-01-02,2295.40
2015-01-03,2295.40
2015-01-04,2295.40
2015-01-05,2263.35
2015-01-06,2271.99
2015-01-07,2270.26
2015-01-08,2275.42
2015-01-09,2271.42
2015-01-10,2282.16
2015-01-11,2282.16
2015-01-12,2287.24
2015-01-13,2290.45
2015-01-14,2287.40
2015-01-15,2284.78
2015-01-16,2248.59
2015-01-17,2248.59
2015-01-18,2248.59
2015-01-19,2238.05
2015-01-20,2247.16
2015-01-21,2244.04
2015-01-22,2251.65
2015-01-23,2206.41
2015-01-24,2206.41
2015-01-25,2206.41
2015-01-26,2184.98
2015-01-27,2187.69
2015-01-28,2204.77
2015-01-29,2194.35
2015-01-30,2205.19
2015-01-31,2205.19
2015-02-01,2205.19
2015-02-02,2199.23
2015-02-03,2205.37
2015-02-04,2231.95
2015-02-05,2218.58
2015-02-06,2232.39
2015-02-07,2232.39
2015-02-08,2232.39
2015-02-09,2213.41
2015-02-10,2217.32
2015-02-11,2215.88
2015-02-12,2221.51
2015-02-13,2241.51
2015-02-14,2241.51
2015-02-15,2241.51
2015-02-16,2245.50
2015-02-17,2234.37
2015-02-18,2250.36
2015-02-19,2250.36
2015-02-20,2250.36
2015-02-21,2250.36
2015-02-22,2250.36
2015-02-23,2242.85
2015-02-24,2238.65
2015-02-25,2255.34
2015-02-26,2240.65
2015-02-27,2214.33
2015-02-28,2214.33
2015-03-01,2214.33
2015-03-02,2206.62
2015-03-03,2212.83
2015-03-04,2212.25
2015-03-05,2193.20
2015-03-06,2188.93
2015-03-07,2188.93
2015-03-08,2188.93
2015-03-09,2157.48
2015-03-10,2147.91
2015-03-11,2124.95
2015-03-12,2115.43
2015-03-13,2109.26
2015-03-14,2109.26
2015-03-15,2109.26
2015-03-16,2092.39
2015-03-17,2110.01
2015-03-18,2111.32
2015-03-19,2129.61
2015-03-20,2123.02
2015-03-21,2123.02
2015-03-22,2123.02
2015-03-23,2143.88
2015-03-24,2182.83
2015-03-25,2183.84
2015-03-26,2191.15
2015-03-27,2145.74
2015-03-28,2145.74
2015-03-29,2145.74
2015-03-30,2153.54
2015-03-31,2139.79
2015-04-01,2135.05
2015-04-02,2145.82
2015-04-03,2160.01
2015-04-04,2160.01
2015-04-05,2160.01
2015-04-06,2178.29
2015-04-07,2170.00
2015-04-08,2154.09
2015-04-09,2140.95
2015-04-10,2112.84
2015-04-11,2112.84
2015-04-12,2112.84
2015-04-13,2104.29
2015-04-14,2092.58
2015-04-15,2110.99
2015-04-16,2112.42
2015-04-17,2118.50
2015-04-18,2118.50
2015-04-19,2118.50
2015-04-20,2126.80
2015-04-21,2103.41
2015-04-22,2115.55
2015-04-23,2097.66
2015-04-24,2134.26
2015-04-25,2134.26
2015-04-26,2134.26
2015-04-27,2131.16
2015-04-28,2132.93
2015-04-29,2154.34
2015-04-30,2181.25
2015-05-01,2203.06
2015-05-02,2203.06
2015-05-03,2203.06
2015-05-04,2190.32
2015-05-05,2167.10
2015-05-06,2196.95
2015-05-07,2209.42
2015-05-08,2180.20
2015-05-09,2180.20
2015-05-10,2180.20
2015-05-11,2176.76
2015-05-12,2173.34
2015-05-13,2186.74
2015-05-14,2217.58
2015-05-15,2216.21
2015-05-16,2216.21
2015-05-17,2216.21
2015-05-18,2216.70
2015-05-19,2193.56
2015-05-20,2148.80
2015-05-21,2150.59
2015-05-22,2158.65
2015-05-23,2158.65
2015-05-24,2158.65
2015-05-25,2121.55
2015-05-26,2096.05
2015-05-27,2093.49
2015-05-28,2091.57
2015-05-29,2084.61
2015-05-30,2084.61
2015-05-31,2084.61
2015-06-01,2084.61
2015-06-02,2083.93
2015-06-03,2118.16
2015-06-04,2125.18
2015-06-05,2113.87
2015-06-06,2113.87
2015-06-07,2113.87
2015-06-08,2086.20
2015-06-09,2108.64
2015-06-10,2104.63
2015-06-11,2103.18
2015-06-12,2089.26
2015-06-13,2089.26
2015-06-14,2089.26
2015-06-15,2102.21
2015-06-16,2130.30
2015-06-17,2137.74
2015-06-18,2170.57
2015-06-19,2175.17
2015-06-20,2175.17
2015-06-21,2175.17
2015-06-22,2191.32
2015-06-23,2172.52
2015-06-24,2163.38
2015-06-25,2174.02
2015-06-26,2182.31
2015-06-27,2182.31
2015-06-28,2182.31
2015-06-29,2167.06
2015-06-30,2191.92
2015-07-01,2190.85
2015-07-02,2186.70
2015-07-03,2193.27
2015-07-04,2193.27
2015-07-05,2193.27
2015-07-06,2180.63
2015-07-07,2175.42
2015-07-08,2167.39
2015-07-09,2187.81
2015-07-10,2193.39
2015-07-11,2193.39
2015-07-12,2193.39
2015-07-13,2193.39
2015-07-14,2193.39
2015-07-15,2193.39
2015-07-16,2168.86
2015-07-17,2160.19
2015-07-18,2160.19
2015-07-19,2160.19
2015-07-20,2142.96
2015-07-21,2138.80
2015-07-22,2167.12
2015-07-23,2172.55
2015-07-24,2181.98
2015-07-25,2181.98
2015-07-26,2181.98
2015-07-27,2189.28
2015-07-28,2187.76
2015-07-29,2190.28
2015-07-30,2176.82
2015-07-31,2174.24
2015-08-01,2174.24
2015-08-02,2174.24
2015-08-03,2184.00
2015-08-04,2178.48
2015-08-05,2159.95
2015-08-06,2168.53
2015-08-07,2170.21
2015-08-08,2170.21
2015-08-09,2170.21
2015-08-10,2179.61
2015-08-11,2181.04
2015-08-12,2204.78
2015-08-13,2213.59
2015-08-14,2223.45
2015-08-15,2223.45
2015-08-16,2223.45
2015-08-17,2211.75
2015-08-18,2205.76
2015-08-19,2205.60
2015-08-20,2218.27
2015-08-21,2248.05
2015-08-22,2248.05
2015-08-23,2248.05
2015-08-24,2281.36
2015-08-25,2302.28
2015-08-26,2290.55
2015-08-27,2256.74
2015-08-28,2243.75
2015-08-29,2243.75
2015-08-30,2243.75
2015-08-31,2235.75
2015-09-01,2248.06
2015-09-02,2247.37
2015-09-03,2237.39
2015-09-04,2218.82
2015-09-05,2218.82
2015-09-06,2218.82
2015-09-07,2216.27
2015-09-08,2232.65
2015-09-09,2225.50
2015-09-10,2237.81
2015-09-11,2254.01
2015-09-12,2254.01
2015-09-13,2254.01
2015-09-14,2266.41
2015-09-15,2242.15
2015-09-16,2243.63
2015-09-17,2252.52
2015-09-18,2272.09
2015-09-19,2272.09
2015-09-20,2272.09
2015-09-21,2252.14
2015-09-22,2229.50
2015-09-23,2221.35
2015-09-24,2236.32
2015-09-25,2229.48
2015-09-26,2229.48
2015-09-27,2229.48
2015-09-28,2231.26
2015-09-29,2244.22
2015-09-30,2242.44
2015-10-01,2225.04
2015-10-02,2229.90
2015-10-03,2229.90
2015-10-04,2229.90
2015-10-05,2245.68
2015-10-06,2237.66
2015-10-07,2242.30
2015-10-08,2250.76
2015-10-09,2258.02
2015-10-10,2258.02
2015-10-11,2258.02
2015-10-12,2270.69
2015-10-13,2274.85
2015-10-14,2277.48
2015-10-15,2277.57
2015-10-16,2265.99
2015-10-17,2265.99
2015-10-18,2265.99
2015-10-19,2262.12
2015-10-20,2259.14
2015-10-21,2264.68
2015-10-22,2253.54
2015-10-23,2212.68
2015-10-24,2212.68
2015-10-25,2212.68
2015-10-26,2201.46
2015-10-27,2200.59
2015-10-28,2200.89
2015-10-29,2174.54
2015-10-30,2188.55
2015-10-31,2188.55
2015-11-01,2188.55
2015-11-02,2200.46
2015-11-03,2196.91
2015-11-04,2179.82
2015-11-05,2159.78
2015-11-06,2166.10
2015-11-07,2166.10
2015-11-08,2166.10
2015-11-09,2144.94
2015-11-10,2144.10
2015-11-11,2141.38
2015-11-12,2141.38
2015-11-13,2143.62
2015-11-14,2143.62
2015-11-15,2143.62
2015-11-16,2142.05
2015-11-17,2122.16
2015-11-18,2122.59
2015-11-19,2127.82
2015-11-20,2130.26
2015-11-21,2130.26
2015-11-22,2130.26
2015-11-23,2118.01
2015-11-24,2121.55
2015-11-25,2129.09
2015-11-26,2115.62
2015-11-27,2118.72
2015-11-28,2118.72
2015-11-29,2118.72
2015-11-30,2111.63
2015-12-01,2111.82
2015-12-02,2120.70
2015-12-03,2114.28
2015-12-04,2169.73
2015-12-05,2169.73
2015-12-06,2169.73
2015-12-07,2164.39
2015-12-08,2172.23
2015-12-09,2180.44
2015-12-10,2196.46
2015-12-11,2184.20
2015-12-12,2184.20
2015-12-13,2184.20
2015-12-14,2188.04
2015-12-15,2203.38
2015-12-16,2182.36
2015-12-17,2166.86
2015-12-18,2169.29
2015-12-19,2169.29
2015-12-20,2169.29
2015-12-21,2169.82
2015-12-22,2180.13
2015-12-23,2183.08
2015-12-24,2185.67
2015-12-25,2185.50
2015-12-26,2185.50
2015-12-27,2185.50
2015-12-28,2185.58
2015-12-29,2185.58
2015-12-30,2182.70
2015-12-31,2181.19
2016-01-01,2181.19
2016-01-02,2181.19
2016-01-03,2181.19
2016-01-04,2178.86
2016-01-05,2159.24
2016-01-06,2144.20
2016-01-07,2155.80
2016-01-08,2175.77
2016-01-09,2175.77
2016-01-10,2175.77
2016-01-11,2177.87
2016-01-12,2177.68
2016-01-13,2162.52
2016-01-14,2171.72
2016-01-15,2177.08
2016-01-16,2177.08
2016-01-17,2177.08
2016-01-18,2183.51
2016-01-19,2181.98
2016-01-20,2196.20
2016-01-21,2188.44
2016-01-22,2173.58
2016-01-23,2173.58
2016-01-24,2173.58
2016-01-25,2170.07
2016-01-26,2181.34
2016-01-27,2182.09
2016-01-28,2184.34
2016-01-29,2192.10
2016-01-30,2192.10
2016-01-31,2192.10
2016-02-01,2180.84
2016-02-02,2195.29
2016-02-03,2197.24
2016-02-04,2235.50
2016-02-05,2260.45
2016-02-06,2260.45
2016-02-07,2260.45
2016-02-08,2248.56
2016-02-09,2248.56
2016-02-10,2248.56
2016-02-11,2248.56
2016-02-12,2279.93
2016-02-13,2279.93
2016-02-14,2279.93
2016-02-15,2265.33
2016-02-16,2255.03
2016-02-17,2258.80
2016-02-18,2254.76
2016-02-19,2255.97
2016-02-20,2255.97
2016-02-21,2255.97
2016-02-22,2249.74
2016-02-23,2245.13
2016-02-24,2236.94
2016-02-25,2245.74
2016-02-26,2252.38
2016-02-27,2252.38
2016-02-28,2252.38
2016-02-29,2227.59
2016-03-01,2212.26
2016-03-02,2215.06
2016-03-03,2218.13
2016-03-04,2235.85
2016-03-05,2235.85
2016-03-06,2235.85
2016-03-07,2244.13
2016-03-08,2244.13
2016-03-09,2244.13
2016-03-10,2245.62
2016-03-11,2282.41
2016-03-12,2282.41
2016-03-13,2282.41
2016-03-14,2275.22
2016-03-15,2273.23
2016-03-16,2263.65
2016-03-17,2303.11
2016-03-18,2310.37
2016-03-19,2310.37
2016-03-20,2310.37
2016-03-21,2304.75
2016-03-22,2303.16
2016-03-23,2293.13
2016-03-24,2288.27
2016-03-25,2288.98
2016-03-26,2288.98
2016-03-27,2288.98
2016-03-28,2291.00
2016-03-29,2293.48
2016-03-30,2317.94
2016-03-31,2322.22
2016-04-01,2331.73
2016-04-02,2331.73
2016-04-03,2331.73
2016-04-04,2329.47
2016-04-05,2325.37
2016-04-06,2320.56
2016-04-07,2326.13
2016-04-08,2301.07
2016-04-09,2301.07
2016-04-10,2301.07
2016-04-11,2310.29
2016-04-12,2306.89
2016-04-13,2285.13
2016-04-14,2258.71
2016-04-15,2257.52
2016-04-16,2257.52
2016-04-17,2257.52
2016-04-18,2249.41
2016-04-19,2250.41
2016-04-20,2247.65
2016-04-21,2240.32
2016-04-22,2234.26
2016-04-23,2234.26
2016-04-24,2234.26
2016-04-25,2243.51
2016-04-26,2248.88
2016-04-27,2271.67
2016-04-28,2279.17
2016-04-29,2290.78
2016-04-30,2290.78
2016-05-01,2290.78
2016-05-02,2309.76
2016-05-03,2332.66
2016-05-04,2321.86
2016-05-05,2321.48
2016-05-06,2306.80
2016-05-07,2306.80
2016-05-08,2306.80
2016-05-09,2307.83
2016-05-10,2300.44
2016-05-11,2298.02
2016-05-12,2296.08
2016-05-13,2271.41
2016-05-14,2271.41
2016-05-15,2271.41
2016-05-16,2261.33
2016-05-17,2256.22
2016-05-18,2257.50
2016-05-19,2245.72
2016-05-20,2242.63
2016-05-21,2242.63
2016-05-22,2242.63
2016-05-23,2246.72
2016-05-24,2240.21
2016-05-25,2228.18
2016-05-26,2232.44
2016-05-27,2232.06
2016-05-28,2232.06
2016-05-29,2232.06
2016-05-30,2213.47
2016-05-31,2213.13
2016-06-01,2213.13
2016-06-02,2226.23
2016-06-03,2213.15
2016-06-04,2213.15
2016-06-05,2213.15
2016-06-06,2250.99
2016-06-07,2254.63
2016-06-08,2251.81
2016-06-09,2256.83
2016-06-10,2231.07
2016-06-11,2231.07
2016-06-12,2231.07
2016-06-13,2219.60
2016-06-14,2218.83
2016-06-15,2201.56
2016-06-16,2209.18
2016-06-17,2194.56
2016-06-18,2194.56
2016-06-19,2194.56
2016-06-20,2211.20
2016-06-21,2208.52
2016-06-22,2188.81
2016-06-23,2202.20
2016-06-24,2138.94
2016-06-25,2138.94
2016-06-26,2138.94
2016-06-27,2147.85
2016-06-28,2172.72
2016-06-29,2172.72
2016-06-30,2201.88
2016-07-01,2209.87
2016-07-02,2209.87
2016-07-03,2209.87
2016-07-04,2219.53
2016-07-05,2218.68
2016-07-06,2221.33
2016-07-07,2228.96
2016-07-08,2234.46
2016-07-09,2234.46
2016-07-10,2234.46
2016-07-11,2234.46
2016-07-12,2234.46
2016-07-13,2234.46
2016-07-14,2234.46
2016-07-15,2234.46
2016-07-16,2234.46
2016-07-17,2234.46
2016-07-18,2237.25
2016-07-19,2249.01
2016-07-20,2238.61
2016-07-21,2254.79
2016-07-22,2260.78
2016-07-23,2260.78
2016-07-24,2260.78
2016-07-25,2248.08
2016-07-26,2260.00
2016-07-27,2265.91
2016-07-28,2293.58
2016-07-29,2298.64
2016-07-30,2298.64
2016-07-31,2298.64
2016-08-01,2315.92
2016-08-02,2334.78
2016-08-03,2342.16
2016-08-04,2335.30
2016-08-05,2352.17
2016-08-06,2352.17
2016-08-07,2352.17
2016-08-08,2352.32
2016-08-09,2360.77
2016-08-10,2385.62
2016-08-11,2403.00
2016-08-12,2417.19
2016-08-13,2417.19
2016-08-14,2417.19
2016-08-15,2442.87
2016-08-16,2515.20
2016-08-17,2535.74
2016-08-18,2563.39
2016-08-19,2568.17
2016-08-20,2568.17
2016-08-21,2568.17
2016-08-22,2550.01
2016-08-23,2558.96
2016-08-24,2546.76
2016-08-25,2535.92
2016-08-26,2545.71
2016-08-27,2545.71
2016-08-28,2545.71
2016-08-29,2500.81
2016-08-30,2494.18
2016-08-31,2472.02
2016-09-01,2461.59
2016-09-02,2474.32
2016-09-03,2474.32
2016-09-04,2474.32
2016-09-05,2473.67
2016-09-06,2467.72
2016-09-07,2497.64
2016-09-08,2503.57
2016-09-09,2516.88
2016-09-10,2516.88
2016-09-11,2516.88
2016-09-12,2511.62
2016-09-13,2515.09
2016-09-14,2517.25
2016-09-15,2522.22
2016-09-16,2523.64
2016-09-17,2523.64
2016-09-18,2523.64
2016-09-19,2508.72
2016-09-20,2517.22
2016-09-21,2506.30
2016-09-22,2530.13
2016-09-23,2530.98
2016-09-24,2530.98
2016-09-25,2530.98
2016-09-26,2542.97
2016-09-27,2556.47
2016-09-28,2549.34
2016-09-29,2563.09
2016-09-30,2558.46
2016-10-01,2558.46
2016-10-02,2558.46
2016-10-03,2571.70
2016-10-04,2558.48
2016-10-05,2559.93
2016-10-06,2548.20
2016-10-07,2526.53
2016-10-08,2526.53
2016-10-09,2526.53
2016-10-10,2537.60
2016-10-11,2524.74
2016-10-12,2512.75
2016-10-13,2517.54
2016-10-14,2522.76
2016-10-15,2522.76
2016-10-16,2522.76
2016-10-17,2531.83
2016-10-18,2554.70
2016-10-19,2554.70
2016-10-20,2553.54
2016-10-21,2536.44
2016-10-22,2536.44
2016-10-23,2536.44
2016-10-24,2542.72
2016-10-25,2544.99
2016-10-26,2564.02
2016-10-27,2578.14
2016-10-28,2591.81
2016-10-29,2591.81
2016-10-30,2591.81
2016-10-31,2591.81
2016-11-01,2616.24
2016-11-02,2645.09
2016-11-03,2664.86
2016-11-04,2670.39
2016-11-05,2670.39
2016-11-06,2670.39
2016-11-07,2668.87
2016-11-08,2676.48
2016-11-09,2699.54
2016-11-10,2681.43
2016-11-11,2674.61
2016-11-12,2674.61
2016-11-13,2674.61
2016-11-14,2652.50
2016-11-15,2636.05
2016-11-16,2595.61
2016-11-17,2602.17
2016-11-18,2581.37
2016-11-19,2581.37
2016-11-20,2581.37
2016-11-21,2588.30
2016-11-22,2596.65
2016-11-23,2604.83
2016-11-24,2591.50
2016-11-25,2591.50
2016-11-26,2591.50
2016-11-27,2591.50
2016-11-28,2623.90
2016-11-29,2614.49
2016-11-30,2620.31
2016-12-01,2619.73
2016-12-02,2634.45
2016-12-03,2634.45
2016-12-04,2634.45
2016-12-05,2618.60
2016-12-06,2661.29
2016-12-07,2651.57
2016-12-08,2664.54
2016-12-09,2632.32
2016-12-10,2632.32
2016-12-11,2632.32
2016-12-12,2623.66
2016-12-13,2642.91
2016-12-14,2649.15
2016-12-15,2610.21
2016-12-16,2601.69
2016-12-17,2601.69
2016-12-18,2601.69
2016-12-19,2604.20
2016-12-20,2585.76
2016-12-21,2590.64
2016-12-22,2599.42
2016-12-23,2600.06
2016-12-24,2600.06
2016-12-25,2600.06
2016-12-26,2604.28
2016-12-27,2597.53
2016-12-28,2605.79
2016-12-29,2605.79
2016-12-30,2605.79
2016-12-31,2605.79
2017-01-01,2605.79
2017-01-02,2617.76
2017-01-03,2595.62
2017-01-04,2602.07
2017-01-05,2636.96
2017-01-06,2644.09
2017-01-07,2631.14
2017-01-08,2631.14
2017-01-09,2632.92
2017-01-10,2648.18
2017-01-11,2637.15
2017-01-12,2654.35
2017-01-13,2652.61
2017-01-14,2652.61
2017-01-15,2652.61
2017-01-16,2648.88
2017-01-17,2653.61
2017-01-18,2664.41
2017-01-19,2651.81
2017-01-20,2656.85
2017-01-21,2656.85
2017-01-22,2656.85
2017-01-23,2672.62
2017-01-24,2667.61
2017-01-25,2656.85
2017-01-26,2655.25
2017-01-27,2631.57
2017-01-28,2631.57
2017-01-29,2631.57
2017-01-30,2635.53
2017-01-31,2631.48
2017-02-01,2655.38
2017-02-02,2667.07
2017-02-03,2661.50
2017-02-04,2661.50
2017-02-05,2661.50
2017-02-06,2662.33
2017-02-07,2646.85
2017-02-08,2639.58
2017-02-09,2653.03
2017-02-10,2643.41
2017-02-11,2643.41
2017-02-12,2643.41
2017-02-13,2644.96
2017-02-14,2636.99
2017-02-15,2625.20
2017-02-16,2635.37
2017-02-17,2645.75
2017-02-18,2645.75
2017-02-19,2645.75
2017-02-20,2635.45
2017-02-21,2623.05
2017-02-22,2601.68
2017-02-23,2608.32
2017-02-24,2617.84
2017-02-25,2617.84
2017-02-26,2617.84
2017-02-27,2617.84
2017-02-28,2617.84
2017-03-01,2617.84
2017-03-02,2604.14
2017-03-03,2598.95
2017-03-04,2598.95
2017-03-05,2598.95
2017-03-06,2616.42
2017-03-07,2613.91
2017-03-08,2613.91
2017-03-09,2595.95
2017-03-10,2607.65
2017-03-11,2607.65
2017-03-12,2607.65
2017-03-13,2629.93
2017-03-14,2615.22
2017-03-15,2614.01
2017-03-16,2633.07
2017-03-17,2645.09
2017-03-18,2645.09
2017-03-19,2645.09
2017-03-20,2647.37
2017-03-21,2649.64
2017-03-22,2656.50
2017-03-23,2654.98
2017-03-24,2649.52
2017-03-25,2649.52
2017-03-26,2649.52
2017-03-27,2671.66
2017-03-28,2666.76
2017-03-29,2646.46
2017-03-30,2633.06
2017-03-31,2616.81
2017-04-01,2616.81
2017-04-02,2616.81
2017-04-03,2606.11
2017-04-04,2600.37
2017-04-05,2602.16
2017-04-06,2592.69
2017-04-07,2583.46
2017-04-08,2583.46
2017-04-09,2583.46
2017-04-10,2563.41
2017-04-11,2562.54
2017-04-12,2560.22
2017-04-13,2564.60
2017-04-14,2556.14
2017-04-15,2556.14
2017-04-16,2556.14
2017-04-17,2558.32
2017-04-18,2568.28
2017-04-19,2592.71
2017-04-20,2603.37
2017-04-21,2597.85
2017-04-22,2597.85
2017-04-23,2597.85
2017-04-24,2629.89
2017-04-25,2637.73
2017-04-26,2641.62
2017-04-27,2639.87
2017-04-28,2633.66
2017-04-29,2633.66
2017-04-30,2633.66
2017-05-01,2634.43
2017-05-02,2638.29
2017-05-03,2639.47
2017-05-04,2636.36
2017-05-05,2649.42
2017-05-06,2649.42
2017-05-07,2649.42
2017-05-08,2645.29
2017-05-09,2636.07
2017-05-10,2626.54
2017-05-11,2625.39
2017-05-12,2620.03
2017-05-13,2620.03
2017-05-14,2620.03
2017-05-15,2642.32
2017-05-16,2667.59
2017-05-17,2681.61
2017-05-18,2692.19
2017-05-19,2693.74
2017-05-20,2693.74
2017-05-21,2693.74
2017-05-22,2700.37
2017-05-23,2719.30
2017-05-24,2694.46
2017-05-25,2707.78
2017-05-26,2698.80
2017-05-27,2698.80
2017-05-28,2698.80
2017-05-29,2689.92
2017-05-30,2676.22
2017-05-31,2682.13
2017-06-01,2682.13
2017-06-02,2686.21
2017-06-03,2686.21
2017-06-04,2686.21
2017-06-05,2692.18
2017-06-06,2685.98
2017-06-07,2682.59
2017-06-08,2677.57
2017-06-09,2658.18
2017-06-10,2658.18
2017-06-11,2658.18
2017-06-12,2664.89
2017-06-13,2661.21
2017-06-14,2656.60
2017-06-15,2651.10
2017-06-16,2641.61
2017-06-17,2641.61
2017-06-18,2641.61
2017-06-19,2643.55
2017-06-20,2633.42
2017-06-21,2625.53
2017-06-22,2629.46
2017-06-23,2638.79
2017-06-24,2638.79
2017-06-25,2638.79
2017-06-26,2638.79
2017-06-27,2632.73
2017-06-28,2674.20
2017-06-29,2684.21
2017-06-30,2681.67
2017-07-01,2681.67
2017-07-02,2681.67
2017-07-03,2680.29
2017-07-04,2680.28
2017-07-05,2694.82
2017-07-06,2710.17
2017-07-07,2710.17
2017-07-08,2710.17
2017-07-09,2710.17
2017-07-10,2710.17
2017-07-11,2710.17
2017-07-12,2710.17
2017-07-13,2710.17
2017-07-14,2710.17
2017-07-15,2710.17
2017-07-16,2755.71
2017-07-17,2750.77
2017-07-18,2779.23
2017-07-19,2785.62
2017-07-20,2781.79
2017-07-21,2819.78
2017-07-22,2819.78
2017-07-23,2819.78
2017-07-24,2821.69
2017-07-25,2824.99
2017-07-26,2826.55
2017-07-27,2857.78
2017-07-28,2855.97
2017-07-29,2855.97
2017-07-30,2855.97
2017-07-31,2867.19
2017-08-01,2896.19
2017-08-02,2905.96
2017-08-03,2908.88
2017-08-04,2918.42
2017-08-05,2918.42
2017-08-06,2918.42
2017-08-07,2894.13
2017-08-08,2890.66
2017-08-09,2873.99
2017-08-10,2863.81
2017-08-11,2870.28
2017-08-12,2870.28
2017-08-13,2870.28
2017-08-14,2879.65
2017-08-15,2867.68
2017-08-16,2863.86
2017-08-17,2874.22
2017-08-18,2866.33
2017-08-19,2866.33
2017-08-20,2866.33
2017-08-21,2869.82
2017-08-22,2881.45
2017-08-23,2875.31
2017-08-24,2877.71
2017-08-25,2870.63
2017-08-26,2870.63
2017-08-27,2870.63
2017-08-28,2903.67
2017-08-29,2931.94
2017-08-30,2905.95
2017-08-31,2889.33
2017-09-01,2889.92
2017-09-02,2889.92
2017-09-03,2889.92
2017-09-04,2894.38
2017-09-05,2893.07
2017-09-06,2911.76
2017-09-07,2914.72
2017-09-08,2941.79
2017-09-09,2941.79
2017-09-10,2941.79
2017-09-11,2939.70
2017-09-12,2935.93
2017-09-13,2941.91
2017-09-14,2925.04
2017-09-15,2933.22
2017-09-16,2933.22
2017-09-17,2933.22
2017-09-18,2938.56
2017-09-19,2959.80
2017-09-20,2959.99
2017-09-21,2934.60
2017-09-22,2956.27
2017-09-23,2956.27
2017-09-24,2956.27
2017-09-25,2937.77
2017-09-26,2910.14
2017-09-27,2895.77
2017-09-28,2895.26
2017-09-29,2906.67
2017-09-30,2906.67
2017-10-01,2906.67
2017-10-02,2894.73
2017-10-03,2892.44
2017-10-04,2895.84
2017-10-05,2898.53
2017-10-06,2875.56
2017-10-07,2875.56
2017-10-08,2875.56
2017-10-09,2886.13
2017-10-10,2895.56
2017-10-11,2910.13
2017-10-12,2919.89
2017-10-13,2910.74
2017-10-14,2910.74
2017-10-15,2910.74
2017-10-16,2898.22
2017-10-17,2892.15
2017-10-18,2889.83
2017-10-19,2901.21
2017-10-20,2899.16
2017-10-21,2899.16
2017-10-22,2899.16
2017-10-23,2886.14
2017-10-24,2886.88
2017-10-25,2889.78
2017-10-26,2902.56
2017-10-27,2857.92
2017-10-28,2857.92
2017-10-29,2857.92
2017-10-30,2853.61
2017-10-31,2859.23
2017-11-01,2862.97
2017-11-02,2858.62
2017-11-03,2860.08
2017-11-04,2860.08
2017-11-05,2860.08
2017-11-06,2849.77
2017-11-07,2845.09
2017-11-08,2845.26
2017-11-09,2847.62
2017-11-10,2853.49
2017-11-11,2853.49
2017-11-12,2853.49
2017-11-13,2854.49
2017-11-14,2864.86
2017-11-15,2888.18
2017-11-16,2877.62
2017-11-17,2881.75
2017-11-18,2881.75
2017-11-19,2881.75
2017-11-20,2874.38
2017-11-21,2868.84
2017-11-22,2873.67
2017-11-23,2891.45
2017-11-24,2897.13
2017-11-25,2897.13
2017-11-26,2897.13
2017-11-27,2918.12
2017-11-28,2909.47
2017-11-29,2900.87
2017-11-30,2898.68
2017-12-01,2917.44
2017-12-02,2917.44
2017-12-03,2917.44
2017-12-04,2898.67
2017-12-05,2895.44
2017-12-06,2884.01
2017-12-07,2878.41
2017-12-08,2862.89
2017-12-09,2862.89
2017-12-10,2862.89
2017-12-11,2870.54
2017-12-12,2872.95
2017-12-13,2860.18
2017-12-14,2879.94
2017-12-15,2870.55
2017-12-16,2870.55
2017-12-17,2870.55
2017-12-18,2857.33
2017-12-19,2866.62
2017-12-20,2873.80
2017-12-21,2880.83
2017-12-22,2876.02
2017-12-23,2876.02
2017-12-24,2876.02
2017-12-25,2882.39
2017-12-26,2881.09
2017-12-27,2881.69
2017-12-28,2897.87
2017-12-29,2897.87
2017-12-30,2897.87
2017-12-31,2897.87
2018-01-01,2897.87
2018-01-02,2922.62
2018-01-03,2923.56
2018-01-04,2921.61
2018-01-05,2930.52
2018-01-06,2930.52
2018-01-07,2930.52
2018-01-08,2917.59
2018-01-09,2907.23
2018-01-10,2904.94
2018-01-11,2905.80
2018-01-12,2933.77
2018-01-13,2933.77
2018-01-14,2933.77
2018-01-15,2969.48
2018-01-16,2975.33
2018-01-17,2961.75
2018-01-18,2957.49
2018-01-19,2973.96
2018-01-20,2973.96
2018-01-21,2973.96
2018-01-22,2964.65
2018-01-23,2963.51
2018-01-24,2979.98
2018-01-25,3005.50
2018-01-26,3015.88
2018-01-27,3015.88
2018-01-28,3015.88
2018-01-29,2999.86
2018-01-30,2988.42
2018-01-31,3009.32
2018-02-01,2996.79
2018-02-02,3021.58
2018-02-03,3021.58
2018-02-04,3021.58
2018-02-05,3004.06
2018-02-06,2990.57
2018-02-07,2985.13
2018-02-08,2956.15
2018-02-09,2954.49
2018-02-10,2954.49
2018-02-11,2954.49
2018-02-12,2945.53
2018-02-13,2955.64
2018-02-14,2963.81
2018-02-15,2993.49
2018-02-16,2993.49
2018-02-17,2993.49
2018-02-18,2993.49
2018-02-19,2976.06
2018-02-20,2964.31
2018-02-21,2953.22
2018-02-22,2941.70
2018-02-23,2947.96
2018-02-24,2947.96
2018-02-25,2947.96
2018-02-26,2952.38
2018-02-27,2955.56
2018-02-28,2926.83
2018-03-01,2920.21
2018-03-02,2936.05
2018-03-03,2936.05
2018-03-04,2936.05
2018-03-05,2940.64
2018-03-06,2951.82
2018-03-07,2970.94
2018-03-08,2970.94
2018-03-09,2949.16
2018-03-10,2949.16
2018-03-11,2949.16
2018-03-12,2954.60
2018-03-13,2951.90
2018-03-14,2968.02
2018-03-15,2962.84
2018-03-16,2952.62
2018-03-17,2952.62
2018-03-18,2952.62
2018-03-19,2942.45
2018-03-20,2961.57
2018-03-21,2945.95
2018-03-22,2965.84
2018-03-23,2953.02
2018-03-24,2953.02
2018-03-25,2953.02
2018-03-26,2965.53
2018-03-27,2985.33
2018-03-28,2968.12
2018-03-29,2946.46
2018-03-30,2948.25
2018-03-31,2948.25
2018-04-01,2948.25
2018-04-02,2950.01
2018-04-03,2947.70
2018-04-04,2938.88
2018-04-05,2932.37
2018-04-06,2924.18
2018-04-07,2924.18
2018-04-08,2924.18
2018-04-09,2937.19
2018-04-10,2948.30
2018-04-11,2961.40
2018-04-12,2952.52
2018-04-13,2954.11
2018-04-14,2954.11
2018-04-15,2954.11
2018-04-16,2961.82
2018-04-17,2969.37
2018-04-18,2960.01
2018-04-19,2964.37
2018-04-20,2952.27
2018-04-21,2952.27
2018-04-22,2952.27
2018-04-23,2938.81
2018-04-24,2923.23
2018-04-25,2922.94
2018-04-26,2917.83
2018-04-27,2900.23
2018-04-28,2900.23
2018-04-29,2900.23
2018-04-30,2912.03
2018-05-01,2896.98
2018-05-02,2887.17
2018-05-03,2883.35
2018-05-04,2875.31
2018-05-05,2875.31
2018-05-06,2875.31
2018-05-07,2865.59
2018-05-08,2861.18
2018-05-09,2842.60
2018-05-10,2848.35
2018-05-11,2860.14
2018-05-12,2860.14
2018-05-13,2860.14
2018-05-14,2875.55
2018-05-15,2862.95
2018-05-16,2844.82
2018-05-17,2842.07
2018-05-18,2842.03
2018-05-19,2842.03
2018-05-20,2842.03
2018-05-21,2821.18
2018-05-22,2846.26
2018-05-23,2823.58
2018-05-24,2826.65
2018-05-25,2817.77
2018-05-26,2817.77
2018-05-27,2817.77
2018-05-28,2819.18
2018-05-29,2787.85
2018-05-30,2796.05
2018-05-31,2821.51
2018-06-01,2821.51
2018-06-02,2821.51
2018-06-03,2821.51
2018-06-04,2817.58
2018-06-05,2818.56
2018-06-06,2835.89
2018-06-07,2852.96
2018-06-08,2842.04
2018-06-09,2842.04
2018-06-10,2842.04
2018-06-11,2851.64
2018-06-12,2847.60
2018-06-13,2836.24
2018-06-14,2853.81
2018-06-15,2803.32
2018-06-16,2803.32
2018-06-17,2803.32
2018-06-18,2804.54
2018-06-19,2809.93
2018-06-20,2826.09
2018-06-21,2834.44
2018-06-22,2859.46
2018-06-23,2859.46
2018-06-24,2859.46
2018-06-25,2865.47
2018-06-26,2877.19
2018-06-27,2872.55
2018-06-28,2847.69
2018-06-29,2862.66
2018-06-30,2862.66
2018-07-01,2862.66
2018-07-02,2863.97
2018-07-03,2874.26
2018-07-04,2869.94
2018-07-05,2877.32
2018-07-06,2882.81
2018-07-07,2882.81
2018-07-08,2882.81
2018-07-09,2898.82
2018-07-10,2891.34
2018-07-11,2891.34
2018-07-12,2891.34
2018-07-13,2891.34
2018-07-14,2891.34
2018-07-15,2891.34
2018-07-16,2879.33
2018-07-17,2886.58
2018-07-18,2861.02
2018-07-19,2858.78
2018-07-20,2865.50
2018-07-21,2865.50
2018-07-22,2865.50
2018-07-23,2889.63
2018-07-24,2880.75
2018-07-25,2879.67
2018-07-26,2889.84
2018-07-27,2870.21
2018-07-28,2870.21
2018-07-29,2870.21
2018-07-30,2875.03
2018-07-31,2885.82
2018-08-01,2878.06
2018-08-02,2862.01
2018-08-03,2841.64
2018-08-04,2841.64
2018-08-05,2841.64
2018-08-06,2840.39
2018-08-07,2843.37
2018-08-08,2850.84
2018-08-09,2844.68
2018-08-10,2816.04
2018-08-11,2816.04
2018-08-12,2816.04
2018-08-13,2796.10
2018-08-14,2808.38
2018-08-15,2787.87
2018-08-16,2802.10
2018-08-17,2806.64
2018-08-18,2806.64
2018-08-19,2806.64
2018-08-20,2818.43
2018-08-21,2842.86
2018-08-22,2853.94
2018-08-23,2856.43
2018-08-24,2854.34
2018-08-25,2854.34
2018-08-26,2854.34
2018-08-27,2867.85
2018-08-28,2889.01
2018-08-29,2886.38
2018-08-30,2894.41
2018-08-31,2889.19
2018-09-01,2889.19
2018-09-02,2889.19
2018-09-03,2871.79
2018-09-04,2862.22
2018-09-05,2863.19
2018-09-06,2878.01
2018-09-07,2887.58
2018-09-08,2887.58
2018-09-09,2887.58
2018-09-10,2869.93
2018-09-11,2889.39
2018-09-12,2884.20
2018-09-13,2896.90
2018-09-14,2927.12
2018-09-15,2927.12
2018-09-16,2927.12
2018-09-17,2912.45
2018-09-18,2924.48
2018-09-19,2938.38
2018-09-20,2943.44
2018-09-21,2968.42
2018-09-22,2968.42
2018-09-23,2968.42
2018-09-24,2962.37
2018-09-25,2977.01
2018-09-26,2986.91
2018-09-27,2978.63
2018-09-28,2965.19
2018-09-29,2965.19
2018-09-30,2965.19
2018-10-01,2957.15
2018-10-02,2959.06
2018-10-03,2972.50
2018-10-04,2951.75
2018-10-05,2953.76
2018-10-06,2953.76
2018-10-07,2953.76
2018-10-08,2948.71
2018-10-09,2945.12
2018-10-10,2947.29
2018-10-11,2958.85
2018-10-12,2972.90
2018-10-13,2972.90
2018-10-14,2972.90
2018-10-15,2966.66
2018-10-16,2972.72
2018-10-17,2969.51
2018-10-18,2951.44
2018-10-19,2935.29
2018-10-20,2935.29
2018-10-21,2935.29
2018-10-22,2956.43
2018-10-23,2940.53
2018-10-24,2930.40
2018-10-25,2923.98
2018-10-26,2917.12
2018-10-27,2917.12
2018-10-28,2917.12
2018-10-29,2925.44
2018-10-30,2915.64
2018-10-31,2909.87
2018-11-01,2913.97
2018-11-02,2934.18
2018-11-03,2934.18
2018-11-04,2934.18
2018-11-05,2920.64
2018-11-06,2928.27
