Date,USD
1/2/2008,1169.97
1/3/2008,1169.97
1/4/2008,1169.97
1/7/2008,1169.81
1/8/2008,1170.11
1/9/2008,1170.24
1/10/2008,1170.24
1/11/2008,1170.24
1/14/2008,1170.24
1/15/2008,1170.24
1/16/2008,1170.65
1/17/2008,1170.44
1/18/2008,1171
1/21/2008,1170.84
1/22/2008,1171.16
1/23/2008,1171.06
1/24/2008,1171.3
1/25/2008,1171.3
1/28/2008,1171.69
1/29/2008,1171.59
1/30/2008,1171.73
1/31/2008,1171.77
2/1/2008,1171.76
2/4/2008,1171.83
2/5/2008,1171.77
2/6/2008,1171.79
2/7/2008,1171.84
2/11/2008,1171.7
2/12/2008,1171.66
2/13/2008,1171.39
2/14/2008,1171.49
2/15/2008,1171.36
2/18/2008,1171.37
2/19/2008,1171.46
2/20/2008,1171.56
2/21/2008,1171.54
2/22/2008,1171.56
2/25/2008,1171.73
2/26/2008,1171.74
2/27/2008,1172.06
2/28/2008,1172.03
2/29/2008,1171.82
3/3/2008,1172.17
3/4/2008,1172.15
3/5/2008,1171.99
3/6/2008,1172.31
3/7/2008,1172.23
3/10/2008,1172.34
3/11/2008,1172.01
3/12/2008,1172.39
3/13/2008,1172.2
3/14/2008,1172.4
3/17/2008,1172.37
3/18/2008,1171.51
3/19/2008,1170.63
3/20/2008,1170
3/21/2008,1169.25
3/24/2008,1169
3/25/2008,1168.85
3/26/2008,1168.75
3/27/2008,1168.55
3/28/2008,1168.38
3/31/2008,1168.17
4/1/2008,1168.07
4/2/2008,1168.06
4/3/2008,1167.97
4/4/2008,1167.95
4/7/2008,1167.73
4/8/2008,1167.65
4/9/2008,1167.54
4/10/2008,1167.4
4/11/2008,1167.3
4/14/2008,1167.09
4/15/2008,1167.08
4/16/2008,1166.96
4/17/2008,1166.7
4/18/2008,1166.67
4/21/2008,1165.9
4/22/2008,1165.8
4/23/2008,1165.7
4/24/2008,1165.1
4/25/2008,1165.2
4/28/2008,1165.01
4/29/2008,1164.95
4/30/2008,1164.94
5/1/2008,1164.99
5/2/2008,1164.94
5/5/2008,1164.45
5/6/2008,1164.44
5/7/2008,1164.04
5/8/2008,1164.1
5/9/2008,1163.93
5/12/2008,1163.9
5/13/2008,1163.81
5/14/2008,1163.65
5/15/2008,1163.7
5/16/2008,1163.5
5/19/2008,1163.5
5/20/2008,1162.5
5/21/2008,1162.45
5/22/2008,1162.39
5/23/2008,1162.2
5/26/2008,1162.31
5/27/2008,1162.07
5/28/2008,1161.95
5/29/2008,1161.59
5/30/2008,1161.37
6/2/2008,1161.31
6/3/2008,1161.01
6/4/2008,1160.67
6/5/2008,1160.73
6/6/2008,1160.26
6/9/2008,1159.96
6/10/2008,1159.9
6/11/2008,1159.39
6/12/2008,1159.06
6/13/2008,1158.95
6/16/2008,1158.59
6/17/2008,1158.99
6/18/2008,1158.64
6/19/2008,1158.57
6/20/2008,1158.19
6/23/2008,1158.44
6/24/2008,1158.24
6/25/2008,1158.13
6/26/2008,1158.13
6/27/2008,1158.33
6/30/2008,1158.12
7/1/2008,1157.57
7/2/2008,1157.69
7/3/2008,1157.25
7/4/2008,1157.22
7/7/2008,1157.44
7/8/2008,1157.56
7/9/2008,1157.09
7/10/2008,1157.29
7/14/2008,1157.02
7/15/2008,1157.23
7/16/2008,1157.05
7/17/2008,1157.1
7/18/2008,1156.88
7/21/2008,1156.76
7/22/2008,1156.6
7/23/2008,1156.24
7/24/2008,1156.2
7/25/2008,1155.95
7/28/2008,1155.91
7/29/2008,1155.74
7/30/2008,1155.69
7/31/2008,1155.35
8/1/2008,1155.21
8/4/2008,1154.75
8/5/2008,1154.71
8/6/2008,1154.14
8/7/2008,1154.55
8/8/2008,1153.65
8/11/2008,1153.91
8/12/2008,1153.21
8/13/2008,1153.62
8/14/2008,1152.95
8/15/2008,1152.77
8/18/2008,1152.63
8/19/2008,1152.35
8/20/2008,1152.22
8/21/2008,1151.71
8/22/2008,1151.91
8/25/2008,1151.53
8/26/2008,1151.7
8/27/2008,1151.24
8/28/2008,1151.38
8/29/2008,1150.91
9/1/2008,1150.78
9/2/2008,1150.59
9/3/2008,1149.76
9/4/2008,1150.26
9/5/2008,1148.94
9/8/2008,1148.94
9/9/2008,1149.19
9/10/2008,1148.6
9/11/2008,1148.95
9/12/2008,1148.15
9/15/2008,1148.51
9/16/2008,1147.9
9/17/2008,1148.08
9/18/2008,1147.68
9/19/2008,1147.53
9/22/2008,1147.2
9/23/2008,1147.24
9/24/2008,1146.84
9/25/2008,1146.81
9/26/2008,1146.54
9/29/2008,1146.59
9/30/2008,1146.09
10/1/2008,1146.05
10/2/2008,1145.81
10/3/2008,1145.77
10/6/2008,1145.59
10/7/2008,1144.79
10/8/2008,1145.11
10/9/2008,1144.76
10/10/2008,1144.6
10/13/2008,1144.54
10/14/2008,1144.46
10/15/2008,1144.42
10/16/2008,1144.45
10/17/2008,1144.46
10/20/2008,1144.26
10/21/2008,1144.27
10/22/2008,1143.78
10/23/2008,1143.95
10/24/2008,1143.79
10/27/2008,1143.83
10/28/2008,1144.05
10/29/2008,1143.83
10/30/2008,1144.47
10/31/2008,1144.37
11/3/2008,1144.99
11/4/2008,1144.76
11/5/2008,1145.53
11/6/2008,1144.82
11/7/2008,1145.49
11/10/2008,1146.29
11/11/2008,1150.25
11/12/2008,1159.21
11/13/2008,1158.38
11/14/2008,1158.13
11/17/2008,1158.02
11/18/2008,1157.82
11/19/2008,1157.34
11/20/2008,1157.82
11/21/2008,1159.76
11/24/2008,1160.47
11/25/2008,1163.57
11/26/2008,1166.86
11/27/2008,1166.86
11/28/2008,1170.64
12/1/2008,1180.05
12/2/2008,1183.27
12/3/2008,1194.9
12/4/2008,1203.47
12/5/2008,1211.35
12/8/2008,1223.6
12/9/2008,1231.16
12/10/2008,1226.16
12/11/2008,1227.15
12/12/2008,1226.88
12/15/2008,1231.12
12/16/2008,1230.84
12/17/2008,1231.02
12/18/2008,1230.06
12/19/2008,1238.52
12/22/2008,1237.09
12/23/2008,1243
12/24/2008,1239.92
12/25/2008,1246.29
12/26/2008,1251.07
12/29/2008,1248.89
12/30/2008,1262.91
12/31/2008,1267.51
1/2/2009,1272.31
1/5/2009,1279.58
1/6/2009,1286.55
1/7/2009,1295.02
1/8/2009,1309.73
1/9/2009,1300.4
1/12/2009,1306.28
1/13/2009,1304.81
1/14/2009,1318.19
1/15/2009,1332.75
1/16/2009,1359.87
1/19/2009,1354.06
1/20/2009,1370.42
1/21/2009,1372.94
1/22/2009,1370.89
1/23/2009,1366.42
1/26/2009,1372.38
1/27/2009,1373.09
1/28/2009,1372.04
1/29/2009,1375.16
1/30/2009,1381.66
2/2/2009,1380.95
2/3/2009,1389.95
2/4/2009,1399.63
2/5/2009,1421.18
2/6/2009,1424.53
2/9/2009,1429.55
2/10/2009,1431.44
2/11/2009,1430.99
2/12/2009,1434.47
2/13/2009,1443.86
2/16/2009,1443.76
2/17/2009,1458.2
2/18/2009,1460.05
2/19/2009,1465.78
2/20/2009,1471.93
2/23/2009,1470.62
2/24/2009,1471.45
2/25/2009,1470.17
3/2/2009,1498.26
3/3/2009,1532.92
3/4/2009,1547.47
3/5/2009,1554.84
3/6/2009,1558.23
3/9/2009,1562.8
3/10/2009,1569.92
3/11/2009,1573.9
3/12/2009,1574.1
3/13/2009,1579.1
3/16/2009,1574.1
3/17/2009,1575.33
3/18/2009,1585.7
3/19/2009,1590.7
3/20/2009,1585.45
3/23/2009,1576.6
3/24/2009,1576.75
3/25/2009,1576.58
3/26/2009,1574.35
3/27/2009,1554.6
3/30/2009,1539.22
3/31/2009,1524.07
4/1/2009,1499.65
4/2/2009,1487.23
4/3/2009,1473.17
4/6/2009,1442.96
4/7/2009,1412.77
4/8/2009,1413.27
4/9/2009,1413.89
4/10/2009,1418.75
4/13/2009,1417.6
4/14/2009,1418.45
4/15/2009,1421.99
4/16/2009,1421.79
4/17/2009,1423.9
4/20/2009,1423.8
4/21/2009,1423.68
4/22/2009,1423.52
4/23/2009,1423.19
4/24/2009,1419.69
4/27/2009,1424.49
4/28/2009,1424.69
4/29/2009,1423.53
4/30/2009,1423.86
5/1/2009,1424.53
5/4/2009,1423.51
5/5/2009,1423.78
5/6/2009,1423.22
5/7/2009,1422.19
5/8/2009,1422.41
5/11/2009,1423.2
5/12/2009,1422.36
5/13/2009,1422.24
5/14/2009,1422.19
5/15/2009,1423.18
5/18/2009,1421.76
5/19/2009,1422.98
5/20/2009,1421.73
5/21/2009,1422.41
5/22/2009,1422.47
5/25/2009,1425.03
5/26/2009,1427.38
5/27/2009,1429.93
5/28/2009,1427.94
5/29/2009,1428.37
6/2/2009,1428
6/3/2009,1427.52
6/4/2009,1425.77
6/5/2009,1426.65
6/8/2009,1426.95
6/9/2009,1425.28
6/10/2009,1426.51
6/11/2009,1427.24
6/12/2009,1427.49
6/15/2009,1428.33
6/16/2009,1427.01
6/17/2009,1427.1
6/18/2009,1427.54
6/19/2009,1428.1
6/22/2009,1428.02
6/23/2009,1429.17
6/24/2009,1429.65
6/25/2009,1430.81
6/26/2009,1433.26
6/29/2009,1433.78
6/30/2009,1435.49
7/1/2009,1435.56
7/2/2009,1437.09
7/3/2009,1437.36
7/6/2009,1438.06
7/7/2009,1439.46
7/8/2009,1441.49
7/9/2009,1442.46
7/10/2009,1442.16
7/14/2009,1441.65
7/15/2009,1442.74
7/16/2009,1442.82
7/17/2009,1444.6
7/20/2009,1446.16
7/21/2009,1447.53
7/22/2009,1449.3
7/23/2009,1451.18
7/24/2009,1452.3
7/27/2009,1453.3
7/28/2009,1453.79
7/29/2009,1454.39
7/30/2009,1454.95
7/31/2009,1455.3
8/3/2009,1454.62
8/4/2009,1454.14
8/5/2009,1453.58
8/6/2009,1452.04
8/7/2009,1449.77
8/10/2009,1449.8
8/11/2009,1450.21
8/12/2009,1448.97
8/13/2009,1448.98
8/14/2009,1447.55
8/17/2009,1448.12
8/18/2009,1448.21
8/19/2009,1447.94
8/20/2009,1447.44
8/21/2009,1445.9
8/24/2009,1444.5
8/25/2009,1441.78
8/26/2009,1439.68
8/27/2009,1437.25
8/28/2009,1433.45
8/31/2009,1429.05
9/1/2009,1422.98
9/2/2009,1419.71
9/3/2009,1419.12
9/4/2009,1416.2
9/7/2009,1414.61
9/8/2009,1413.78
9/9/2009,1414.08
9/10/2009,1413.48
9/11/2009,1413.74
9/14/2009,1413.83
9/15/2009,1415.2
9/16/2009,1416.21
9/17/2009,1417.21
9/18/2009,1418.75
9/21/2009,1418.61
9/22/2009,1420.45
9/23/2009,1420.65
9/24/2009,1421.38
9/25/2009,1422.09
9/28/2009,1423.65
9/29/2009,1424.66
9/30/2009,1426.01
10/1/2009,1428.38
10/2/2009,1432.34
10/5/2009,1437.11
10/6/2009,1441.33
10/7/2009,1446.24
10/8/2009,1451.37
10/9/2009,1453.25
10/12/2009,1451.98
10/13/2009,1448.72
10/14/2009,1444.67
10/15/2009,1436.25
10/16/2009,1434.22
10/19/2009,1436.72
10/20/2009,1439.27
10/21/2009,1440.43
10/22/2009,1440.47
10/23/2009,1438.45
10/26/2009,1435.71
10/27/2009,1431.97
10/28/2009,1428.55
10/29/2009,1427.1
10/30/2009,1424.62
11/2/2009,1423.84
11/3/2009,1423.93
11/4/2009,1423.93
11/5/2009,1423.74
11/6/2009,1423.99
11/9/2009,1423.87
11/10/2009,1423.5
11/11/2009,1423.8
11/12/2009,1424.25
11/13/2009,1426.44
11/16/2009,1428.83
11/17/2009,1433.07
11/18/2009,1435.26
11/19/2009,1435.48
11/20/2009,1436.65
11/23/2009,1439.12
11/24/2009,1442.02
11/25/2009,1445.45
11/27/2009,1445.55
11/30/2009,1446.41
12/1/2009,1450.3
12/2/2009,1452.74
12/3/2009,1455.43
12/4/2009,1456.44
12/7/2009,1458.8
12/8/2009,1459.77
12/9/2009,1460.48
12/10/2009,1460.88
12/11/2009,1460.08
12/14/2009,1458.05
12/15/2009,1452.87
12/16/2009,1445.87
12/17/2009,1443.17
12/18/2009,1439.38
12/21/2009,1435.88
12/22/2009,1431.58
12/23/2009,1430.05
12/24/2009,1431.48
12/25/2009,1432.99
12/28/2009,1434.09
12/29/2009,1436.62
12/30/2009,1440.2
12/31/2009,1442.84
1/4/2010,1445.55
1/5/2010,1449.51
1/6/2010,1452.77
1/7/2010,1459.99
1/8/2010,1463.79
1/11/2010,1469.99
1/12/2010,1470.64
1/13/2010,1463.25
1/14/2010,1461.99
1/15/2010,1458
1/18/2010,1454.66
1/19/2010,1451.29
1/20/2010,1448.16
1/21/2010,1447.3
1/22/2010,1446.63
1/25/2010,1447.82
1/26/2010,1448.82
1/27/2010,1451.74
1/28/2010,1453.74
1/29/2010,1456.06
2/1/2010,1455.7
2/2/2010,1455.29
2/3/2010,1455.03
2/4/2010,1454.01
2/5/2010,1455.2
2/8/2010,1453.57
2/9/2010,1451.03
2/10/2010,1448.6
2/11/2010,1446.8
2/12/2010,1442.52
2/15/2010,1439.3
2/16/2010,1439.3
2/17/2010,1439.3
2/18/2010,1437.8
2/19/2010,1438.08
2/22/2010,1438.09
2/23/2010,1438.19
2/24/2010,1440.91
2/25/2010,1445.14
2/26/2010,1447.75
3/1/2010,1449.82
3/2/2010,1447.62
3/3/2010,1445.96
3/4/2010,1440.9
3/5/2010,1430.28
3/8/2010,1427.52
3/9/2010,1427.52
3/10/2010,1425.94
3/11/2010,1423.91
3/12/2010,1420.99
3/15/2010,1420
3/16/2010,1420.07
3/17/2010,1418.79
3/18/2010,1416.92
3/19/2010,1415.53
3/22/2010,1412.32
3/23/2010,1405.3
3/24/2010,1389.93
3/25/2010,1375.61
3/26/2010,1372.97
3/29/2010,1370.43
3/30/2010,1369.43
3/31/2010,1367.1
4/1/2010,1365.47
4/2/2010,1364.69
4/5/2010,1364.98
4/6/2010,1365.02
4/7/2010,1365.26
4/8/2010,1367.36
4/9/2010,1372.3
4/12/2010,1382.91
4/13/2010,1384.72
4/14/2010,1385.47
4/15/2010,1392.05
4/16/2010,1401.47
4/19/2010,1410.46
4/20/2010,1408.81
4/21/2010,1406.32
4/22/2010,1400.55
4/23/2010,1395.98
4/26/2010,1383.33
4/27/2010,1379.9
4/28/2010,1375.31
4/29/2010,1373.24
4/30/2010,1372.46
5/3/2010,1377.35
5/4/2010,1384.13
5/5/2010,1390.59
5/6/2010,1394.06
5/7/2010,1395.07
5/10/2010,1387.65
5/11/2010,1386.65
5/12/2010,1385.85
5/13/2010,1384.21
5/14/2010,1383.62
5/17/2010,1384.6
5/18/2010,1386.64
5/19/2010,1389.54
5/20/2010,1392.36
5/21/2010,1390.86
5/24/2010,1389.65
5/25/2010,1386.95
5/26/2010,1385.98
5/27/2010,1385.81
5/28/2010,1385.56
5/31/2010,1384.85
6/2/2010,1383.73
6/3/2010,1383.4
6/4/2010,1383.57
6/7/2010,1384.11
6/8/2010,1384.34
6/9/2010,1385.09
6/10/2010,1385.38
6/11/2010,1385.13
6/14/2010,1383.25
6/15/2010,1380.8
6/16/2010,1380.83
6/17/2010,1380.68
6/18/2010,1380.77
6/21/2010,1380.31
6/22/2010,1380.05
6/23/2010,1379.38
6/24/2010,1378.27
6/25/2010,1375.87
6/28/2010,1372.07
6/29/2010,1371.25
6/30/2010,1368.65
7/1/2010,1367.27
7/2/2010,1365.88
7/5/2010,1366.06
7/6/2010,1366.15
7/7/2010,1367.2
7/8/2010,1368.47
7/9/2010,1369.82
7/14/2010,1369.38
7/15/2010,1369.03
7/16/2010,1366.86
7/19/2010,1366.98
7/20/2010,1367.02
7/21/2010,1366.8
7/22/2010,1366.75
7/23/2010,1366.64
7/26/2010,1365.04
7/27/2010,1362.51
7/28/2010,1360.25
7/29/2010,1358.18
7/30/2010,1356.29
8/2/2010,1353.49
8/3/2010,1352.27
8/4/2010,1349.94
8/5/2010,1347.82
8/6/2010,1345.97
8/9/2010,1343.2
8/10/2010,1341.07
8/11/2010,1338.19
8/12/2010,1333.59
8/13/2010,1327.1
8/16/2010,1324.71
8/17/2010,1321.65
8/18/2010,1318.42
8/19/2010,1316.05
8/20/2010,1312.68
8/23/2010,1309.34
8/24/2010,1307.36
8/25/2010,1305.45
8/26/2010,1302.87
8/27/2010,1299.69
8/30/2010,1300.1
8/31/2010,1301.8
9/1/2010,1304.56
9/2/2010,1308.98
9/3/2010,1318.81
9/6/2010,1327.58
9/7/2010,1323.35
9/8/2010,1320.98
9/9/2010,1319.59
9/10/2010,1319.86
9/13/2010,1323.3
9/14/2010,1326.14
9/15/2010,1329.86
9/16/2010,1334.37
9/17/2010,1338.18
9/20/2010,1336.08
9/21/2010,1332.76
9/22/2010,1327.59
9/23/2010,1324.51
9/24/2010,1325.69
9/27/2010,1327.93
9/28/2010,1328.04
9/29/2010,1328.16
9/30/2010,1325.59
10/1/2010,1323.41
10/4/2010,1320.22
10/5/2010,1317.59
10/6/2010,1315.8
10/7/2010,1312.63
10/8/2010,1315
10/11/2010,1315.8
10/12/2010,1315.63
10/13/2010,1313.82
10/14/2010,1311.44
10/15/2010,1310.8
10/18/2010,1308.68
10/19/2010,1305.22
10/20/2010,1301.88
10/21/2010,1296.98
10/22/2010,1295.36
10/25/2010,1295.03
10/26/2010,1290.92
10/27/2010,1289.26
10/28/2010,1286.52
10/29/2010,1285.47
11/1/2010,1283.38
11/2/2010,1283.22
11/3/2010,1283.48
11/4/2010,1285.7
11/5/2010,1286.41
11/8/2010,1285.65
11/9/2010,1282.95
11/10/2010,1281.83
11/11/2010,1280.46
11/12/2010,1280.68
11/15/2010,1279.07
11/16/2010,1277.62
11/17/2010,1277.07
11/18/2010,1275.78
11/19/2010,1272.91
11/22/2010,1267.88
11/23/2010,1262.45
11/24/2010,1258.38
11/25/2010,1255
11/29/2010,1250.45
11/30/2010,1246.69
12/1/2010,1243.54
12/2/2010,1240.13
12/3/2010,1236.37
12/6/2010,1233.06
12/7/2010,1224.91
12/8/2010,1218.66
12/9/2010,1216.05
12/10/2010,1213.21
12/13/2010,1211.14
12/14/2010,1211.75
12/15/2010,1212.76
12/16/2010,1215.37
12/17/2010,1230.71
12/20/2010,1240.29
12/21/2010,1242.36
12/22/2010,1243.82
12/23/2010,1243.42
12/24/2010,1246.35
12/27/2010,1248
12/28/2010,1250.57
12/29/2010,1255.06
12/30/2010,1256.47
12/31/2010,1257.18
1/3/2011,1257.18
1/4/2011,1259.79
1/5/2011,1267.38
1/6/2011,1274.2
1/7/2011,1282.77
1/10/2011,1279.63
1/11/2011,1277.3
1/12/2011,1274.63
1/13/2011,1253.07
1/14/2011,1251.29
1/17/2011,1244.45
1/18/2011,1244.5
1/19/2011,1242.71
1/20/2011,1243.74
1/21/2011,1244.63
1/24/2011,1247.94
1/25/2011,1252.69
1/26/2011,1249.08
1/27/2011,1247.39
1/28/2011,1245.01
1/31/2011,1245.46
2/1/2011,1246.55
2/2/2011,1248.87
2/7/2011,1251.86
2/8/2011,1252.71
2/9/2011,1256.21
2/10/2011,1259.01
2/11/2011,1258.43
2/14/2011,1257.64
2/15/2011,1255.91
2/16/2011,1253.69
2/17/2011,1250.98
2/18/2011,1249.52
2/21/2011,1251.03
2/22/2011,1252.2
2/23/2011,1253.2
2/24/2011,1253.81
2/25/2011,1255.24
2/28/2011,1254.51
3/1/2011,1255.1
3/2/2011,1252.23
3/3/2011,1251.49
3/4/2011,1251.42
3/7/2011,1249.03
3/8/2011,1249.03
3/9/2011,1247.02
3/10/2011,1242.3
3/11/2011,1239.28
3/14/2011,1238
3/15/2011,1234.41
3/16/2011,1230.63
3/17/2011,1225.98
3/18/2011,1220.92
3/21/2011,1217.89
3/22/2011,1215.27
3/23/2011,1214.43
3/24/2011,1212.29
3/25/2011,1209.51
3/28/2011,1204.68
3/29/2011,1200.04
3/30/2011,1198.12
3/31/2011,1195.27
4/1/2011,1195.32
4/4/2011,1196.2
4/5/2011,1198.68
4/6/2011,1203.17
4/7/2011,1208.55
4/8/2011,1207.97
4/9/2011,1207.97
4/10/2011,1207.97
4/11/2011,1205.09
4/12/2011,1204.22
4/13/2011,1204.52
4/14/2011,1205.89
4/15/2011,1208.94
4/16/2011,1208.94
4/17/2011,1208.94
4/18/2011,1211.9
4/19/2011,1219.51
4/20/2011,1225.52
4/21/2011,1230.42
4/22/2011,1238.15
4/23/2011,1238.15
4/24/2011,1238.15
4/25/2011,1243.09
4/26/2011,1246.97
4/27/2011,1251.46
4/28/2011,1253.88
4/29/2011,1258.47
4/30/2011,1258.47
5/1/2011,1258.47
5/2/2011,1264.53
5/3/2011,1267.25
5/4/2011,1268.31
5/5/2011,1266.63
5/6/2011,1256.08
5/7/2011,1256.08
5/8/2011,1256.08
5/9/2011,1252.63
5/10/2011,1239.52
5/11/2011,1223.69
5/12/2011,1218.74
5/13/2011,1219.85
5/14/2011,1219.85
5/15/2011,1219.85
5/16/2011,1218.5
5/17/2011,1215.2
5/18/2011,1214.34
5/19/2011,1220.74
5/20/2011,1221.44
5/21/2011,1221.44
5/22/2011,1221.44
5/23/2011,1221.05
5/24/2011,1218.76
5/25/2011,1229.31
5/26/2011,1231.04
5/27/2011,1238.07
5/28/2011,1238.07
5/29/2011,1238.07
5/30/2011,1234.5
5/31/2011,1245.35
6/1/2011,1245.35
6/2/2011,1245.33
6/3/2011,1250.15
6/4/2011,1250.15
6/5/2011,1250.15
6/6/2011,1253.69
6/7/2011,1253.45
6/8/2011,1252.99
6/9/2011,1248.36
6/10/2011,1249.32
6/11/2011,1249.32
6/12/2011,1249.32
6/13/2011,1253.63
6/14/2011,1255.33
6/15/2011,1258.37
6/16/2011,1256.72
6/17/2011,1258.37
6/18/2011,1258.37
6/19/2011,1258.37
6/20/2011,1261.39
6/21/2011,1261.3
6/22/2011,1264.64
6/23/2011,1266.57
6/24/2011,1264.68
6/25/2011,1264.68
6/26/2011,1264.68
6/27/2011,1264.92
6/28/2011,1263.9
6/29/2011,1261.35
6/30/2011,1258.64
7/1/2011,1254.29
7/2/2011,1254.29
7/3/2011,1254.29
7/4/2011,1251.97
7/5/2011,1249.1
7/6/2011,1245.61
7/7/2011,1244.25
7/8/2011,1239.23
7/9/2011,1234.45
7/10/2011,1234.71
7/11/2011,1234.71
7/12/2011,1234.71
7/13/2011,1234.71
7/14/2011,1234.71
7/15/2011,1234.71
7/16/2011,1234.71
7/17/2011,1234.71
7/18/2011,1238.51
7/19/2011,1241.4
7/20/2011,1242.64
7/21/2011,1245.65
7/22/2011,1252.35
7/23/2011,1252.35
7/24/2011,1252.35
7/25/2011,1254.72
7/26/2011,1253.95
7/27/2011,1256.54
7/28/2011,1254.04
7/29/2011,1251.25
7/30/2011,1251.25
7/31/2011,1251.25
8/1/2011,1252.9
8/2/2011,1243.01
8/3/2011,1237.53
8/4/2011,1232.61
8/5/2011,1233.88
8/6/2011,1233.88
8/7/2011,1233.88
8/8/2011,1236.68
8/9/2011,1234.04
8/10/2011,1234.76
8/11/2011,1230.97
8/12/2011,1232.13
8/13/2011,1232.13
8/14/2011,1232.13
8/15/2011,1232.7
8/16/2011,1233.69
8/17/2011,1235.86
8/18/2011,1237.12
8/19/2011,1237.78
8/20/2011,1237.78
8/21/2011,1237.78
8/22/2011,1240.54
8/23/2011,1240.69
8/24/2011,1239.66
8/25/2011,1241.31
8/26/2011,1242.83
8/27/2011,1242.83
8/28/2011,1242.83
8/29/2011,1244.9
8/30/2011,1244.28
8/31/2011,1248.67
9/1/2011,1250.46
9/2/2011,1254.81
9/3/2011,1254.81
9/4/2011,1254.81
9/5/2011,1254.8
9/6/2011,1252.7
9/7/2011,1247.49
9/8/2011,1250.49
9/9/2011,1251.34
9/10/2011,1251.34
9/11/2011,1251.34
9/12/2011,1254.47
9/13/2011,1255.94
9/14/2011,1255.04
9/15/2011,1259.08
9/16/2011,1259.87
9/17/2011,1259.87
9/18/2011,1259.87
9/19/2011,1262.84
9/20/2011,1261.9
9/21/2011,1261.86
9/22/2011,1259.73
9/23/2011,1259.36
9/24/2011,1259.36
9/25/2011,1259.36
9/26/2011,1262.96
9/27/2011,1264.44
9/28/2011,1271.46
9/29/2011,1280.83
9/30/2011,1285.64
10/1/2011,1285.64
10/2/2011,1285.64
10/3/2011,1289.23
10/4/2011,1291.71
10/5/2011,1293.66
10/6/2011,1294.6
10/7/2011,1288.02
10/8/2011,1288.02
10/9/2011,1288.02
10/10/2011,1287.59
10/11/2011,1284.31
10/12/2011,1284.07
10/13/2011,1283.49
10/14/2011,1285.81
10/15/2011,1285.81
10/16/2011,1285.81
10/17/2011,1287.35
10/18/2011,1288.78
10/19/2011,1290.68
10/20/2011,1294.16
10/21/2011,1296.42
10/22/2011,1296.42
10/23/2011,1296.42
10/24/2011,1298.33
10/25/2011,1300.49
10/26/2011,1300.27
10/27/2011,1297.08
10/28/2011,1297.08
10/29/2011,1297.08
10/30/2011,1297.08
10/31/2011,1297.67
11/1/2011,1298.58
11/2/2011,1300.32
11/3/2011,1302.16
11/4/2011,1306.03
11/5/2011,1306.03
11/6/2011,1306.03
11/7/2011,1315.34
11/8/2011,1317.95
11/9/2011,1327.84
11/10/2011,1333.74
11/11/2011,1332.02
11/12/2011,1332.02
11/13/2011,1332.02
11/14/2011,1336.37
11/15/2011,1337.11
11/16/2011,1329.8
11/17/2011,1324.86
11/18/2011,1321.38
11/19/2011,1321.38
11/20/2011,1321.38
11/21/2011,1321.04
11/22/2011,1319.66
11/23/2011,1321.79
11/24/2011,1326.66
11/25/2011,1328.05
11/26/2011,1328.05
11/27/2011,1328.05
11/28/2011,1334.5
11/29/2011,1339.24
11/30/2011,1340.9
12/1/2011,1346.48
12/2/2011,1344.48
12/3/2011,1344.48
12/4/2011,1344.48
12/5/2011,1350.31
12/6/2011,1352.1
12/7/2011,1365.55
12/8/2011,1370.7
12/9/2011,1369.7
12/10/2011,1369.7
12/11/2011,1369.7
12/12/2011,1381.46
12/13/2011,1379.98
12/14/2011,1377.24
12/15/2011,1379.23
12/16/2011,1375.45
12/17/2011,1375.45
12/18/2011,1375.45
12/19/2011,1375.56
12/20/2011,1373.8
12/21/2011,1375.63
12/22/2011,1377.55
12/23/2011,1387.28
12/24/2011,1387.28
12/25/2011,1387.28
12/26/2011,1391.01
12/27/2011,1393.37
12/28/2011,1395.05
12/29/2011,1395.05
12/30/2011,1396.37
12/31/2011,1396.37
1/1/2012,1396.37
1/2/2012,1398.19
1/3/2012,1403.87
1/4/2012,1412.25
1/5/2012,1416.82
1/6/2012,1428.57
1/7/2012,1428.57
1/8/2012,1428.57
1/9/2012,1433.53
1/10/2012,1418.98
1/11/2012,1410.54
1/12/2012,1400.05
1/13/2012,1399.42
1/14/2012,1399.42
1/15/2012,1399.42
1/16/2012,1403.96
1/17/2012,1393.13
1/18/2012,1393.19
1/19/2012,1387.41
1/20/2012,1386.19
1/21/2012,1386.19
1/22/2012,1386.19
1/23/2012,1380.92
1/24/2012,1377.11
1/25/2012,1373.12
1/26/2012,1370.92
1/27/2012,1370.33
1/28/2012,1370.33
1/29/2012,1370.33
1/30/2012,1367.83
1/31/2012,1366.3
2/1/2012,1364.48
2/2/2012,1362.69
2/3/2012,1360.1
2/4/2012,1360.1
2/5/2012,1360.1
2/6/2012,1355.65
2/7/2012,1352.77
2/8/2012,1346.25
2/9/2012,1342.16
2/10/2012,1340.56
2/11/2012,1340.56
2/12/2012,1340.56
2/13/2012,1335.25
2/14/2012,1336.67
2/15/2012,1333.73
2/16/2012,1333.15
2/17/2012,1329.97
2/18/2012,1327.33
2/19/2012,1327.33
2/20/2012,1326.78
2/21/2012,1324.35
2/22/2012,1324.35
2/23/2012,1324.35
2/24/2012,1324.35
2/25/2012,1324.35
2/26/2012,1324.35
2/27/2012,1328.62
2/28/2012,1333.14
2/29/2012,1340.19
3/1/2012,1340.81
3/2/2012,1341.56
3/3/2012,1341.56
3/4/2012,1341.56
3/5/2012,1335.86
3/6/2012,1335.58
3/7/2012,1335.08
3/8/2012,1335.08
3/9/2012,1338.24
3/10/2012,1338.24
3/11/2012,1338.24
3/12/2012,1340.37
3/13/2012,1340.9
3/14/2012,1336.76
3/15/2012,1335.35
3/16/2012,1333.16
3/17/2012,1333.16
3/18/2012,1333.16
3/19/2012,1333.81
3/20/2012,1329.68
3/21/2012,1329.11
3/22/2012,1330.05
3/23/2012,1331
3/24/2012,1331
3/25/2012,1331
3/26/2012,1330.18
3/27/2012,1329.39
3/28/2012,1328.04
3/29/2012,1325.16
3/30/2012,1318.8
3/31/2012,1318.8
4/1/2012,1318.8
4/2/2012,1316.36
4/3/2012,1314.65
4/4/2012,1307.32
4/5/2012,1304.25
4/6/2012,1300.67
4/7/2012,1300.67
4/8/2012,1300.67
4/9/2012,1301.7
4/10/2012,1303.28
4/11/2012,1307.11
4/12/2012,1311.8
4/13/2012,1312.17
4/14/2012,1312.17
4/15/2012,1312.17
4/16/2012,1313.54
4/17/2012,1313.5
4/18/2012,1315.2
4/19/2012,1317.52
4/20/2012,1317.84
4/21/2012,1317.84
4/22/2012,1317.84
4/23/2012,1320.32
4/24/2012,1321.37
4/25/2012,1319.26
4/26/2012,1320.51
4/27/2012,1320.65
4/28/2012,1320.65
4/29/2012,1320.65
4/30/2012,1316.81
5/1/2012,1317.67
5/2/2012,1315.62
5/3/2012,1315.96
5/4/2012,1317.61
5/5/2012,1317.61
5/6/2012,1317.61
5/7/2012,1316.36
5/8/2012,1317.78
5/9/2012,1316.39
5/10/2012,1316.21
5/11/2012,1315.71
5/12/2012,1315.71
5/13/2012,1315.71
5/14/2012,1315.89
5/15/2012,1316.85
5/16/2012,1317.13
5/17/2012,1320.23
5/18/2012,1319.86
5/19/2012,1319.86
5/20/2012,1319.86
5/21/2012,1321.61
5/22/2012,1322.31
5/23/2012,1321.16
5/24/2012,1320.64
5/25/2012,1320.33
5/26/2012,1320.33
5/27/2012,1320.33
5/28/2012,1319.6
5/29/2012,1318.81
5/30/2012,1315.01
5/31/2012,1316
6/1/2012,1316
6/2/2012,1316
6/3/2012,1316
6/4/2012,1315.84
6/5/2012,1316.05
6/6/2012,1315.13
6/7/2012,1318.4
6/8/2012,1318.75
6/9/2012,1318.75
6/10/2012,1318.75
6/11/2012,1320.34
6/12/2012,1320.25
6/13/2012,1320.03
6/14/2012,1322.98
6/15/2012,1327.34
6/16/2012,1327.34
6/17/2012,1327.34
6/18/2012,1331.59
6/19/2012,1334.42
6/20/2012,1333.62
6/21/2012,1333.98
6/22/2012,1337.59
6/23/2012,1337.59
6/24/2012,1337.59
6/25/2012,1339.84
6/26/2012,1342.61
6/27/2012,1341.16
6/28/2012,1341.16
6/29/2012,1342.23
6/30/2012,1342.23
7/1/2012,1342.23
7/2/2012,1341.69
7/3/2012,1338.84
7/4/2012,1340.43
7/5/2012,1337.78
7/6/2012,1338.68
7/7/2012,1338.68
7/8/2012,1338.68
7/9/2012,1338.79
7/10/2012,1339.99
7/11/2012,1339.99
7/12/2012,1339.99
7/13/2012,1339.99
7/14/2012,1339.99
7/15/2012,1339.99
7/16/2012,1342.24
7/17/2012,1343.11
7/18/2012,1344.82
7/19/2012,1345.4
7/20/2012,1347.29
7/21/2012,1347.29
7/22/2012,1347.29
7/23/2012,1347.04
7/24/2012,1349.74
7/25/2012,1349.8
7/26/2012,1347.42
7/27/2012,1345.73
7/28/2012,1345.73
7/29/2012,1345.73
7/30/2012,1348.84
7/31/2012,1349.1
8/1/2012,1348.56
8/2/2012,1350.41
8/3/2012,1353.49
8/4/2012,1353.49
8/5/2012,1353.49
8/6/2012,1354.75
8/7/2012,1356.46
8/8/2012,1358.01
8/9/2012,1359.44
8/10/2012,1359.81
8/11/2012,1359.81
8/12/2012,1359.81
8/13/2012,1360.81
8/14/2012,1360.42
8/15/2012,1361.78
8/16/2012,1362.45
8/17/2012,1364.49
8/18/2012,1364.49
8/19/2012,1364.49
8/20/2012,1363.68
8/21/2012,1366.48
8/22/2012,1365.8
8/23/2012,1368.21
8/24/2012,1370.35
8/25/2012,1370.35
8/26/2012,1370.35
8/27/2012,1373.15
8/28/2012,1376.46
8/29/2012,1378.86
8/30/2012,1381.09
8/31/2012,1381.99
9/1/2012,1381.99
9/2/2012,1381.99
9/3/2012,1381.87
9/4/2012,1382.81
9/5/2012,1384.84
9/6/2012,1386.33
9/7/2012,1389.26
9/8/2012,1389.26
9/9/2012,1389.26
9/10/2012,1393.47
9/11/2012,1393.78
9/12/2012,1394.13
9/13/2012,1394.42
9/14/2012,1395.24
9/15/2012,1395.24
9/16/2012,1395.24
9/17/2012,1399.27
9/18/2012,1400.06
9/19/2012,1401.98
9/20/2012,1402.14
9/21/2012,1402.62
9/22/2012,1402.62
9/23/2012,1402.62
9/24/2012,1402.68
9/25/2012,1401.9
9/26/2012,1400.31
9/27/2012,1395.08
9/28/2012,1394.47
9/29/2012,1394.47
9/30/2012,1394.47
10/1/2012,1393.76
10/2/2012,1391.46
10/3/2012,1389.65
10/4/2012,1386.86
10/5/2012,1382.65
10/6/2012,1382.65
10/7/2012,1382.65
10/8/2012,1382.98
10/9/2012,1380.02
10/10/2012,1379.59
10/11/2012,1379.05
10/12/2012,1379.21
10/13/2012,1379.21
10/14/2012,1379.21
10/15/2012,1379.11
10/16/2012,1380.87
10/17/2012,1381.57
10/18/2012,1383.72
10/19/2012,1384.77
10/20/2012,1384.77
10/21/2012,1384.77
10/22/2012,1387.58
10/23/2012,1389.31
10/24/2012,1391.23
10/25/2012,1393.97
10/26/2012,1392.96
10/27/2012,1392.96
10/28/2012,1392.96
10/29/2012,1396.09
10/30/2012,1396.87
10/31/2012,1397.28
11/1/2012,1397.08
11/2/2012,1397.68
11/3/2012,1397.68
11/4/2012,1397.68
11/5/2012,1398.29
11/6/2012,1398.96
11/7/2012,1398.22
11/8/2012,1398.42
11/9/2012,1396.32
11/10/2012,1396.32
11/11/2012,1396.32
11/12/2012,1396.13
11/13/2012,1395.59
11/14/2012,1395.59
11/15/2012,1393.43
11/16/2012,1395.06
11/17/2012,1395.06
11/18/2012,1395.06
11/19/2012,1394.86
11/20/2012,1394.2
11/21/2012,1394.2
11/22/2012,1395.09
11/23/2012,1395.08
11/24/2012,1395.08
11/25/2012,1395.08
11/26/2012,1395.92
11/27/2012,1397.1
11/28/2012,1396.86
11/29/2012,1396.51
11/30/2012,1397.28
12/1/2012,1397.28
12/2/2012,1397.28
12/3/2012,1398.01
12/4/2012,1400.52
12/5/2012,1402.01
12/6/2012,1401.64
12/7/2012,1400.98
12/8/2012,1400.98
12/9/2012,1400.98
12/10/2012,1401.67
12/11/2012,1401.14
12/12/2012,1398.52
12/13/2012,1394.66
12/14/2012,1395.47
12/15/2012,1395.47
12/16/2012,1395.47
12/17/2012,1394.31
12/18/2012,1394.25
12/19/2012,1393.33
12/20/2012,1394.76
12/21/2012,1391.33
12/22/2012,1391.33
12/23/2012,1391.33
12/24/2012,1391.08
12/25/2012,1392.92
12/26/2012,1391.7
12/27/2012,1391.8
12/28/2012,1392.1
12/29/2012,1392.1
12/30/2012,1392.1
12/31/2012,1392.1
1/1/2013,1392.1
1/2/2013,1392.43
1/3/2013,1392.89
1/4/2013,1388.9
1/5/2013,1393.53
1/6/2013,1393.53
1/7/2013,1393.45
1/8/2013,1394.71
1/9/2013,1396.53
1/10/2013,1397.05
1/11/2013,1395.64
1/12/2013,1395.64
1/13/2013,1395.64
1/14/2013,1396.2
1/15/2013,1396.69
1/16/2013,1392.82
1/17/2013,1392.03
1/18/2013,1388.85
1/19/2013,1388.85
1/20/2013,1388.85
1/21/2013,1390.82
1/22/2013,1393.2
1/23/2013,1387.9
1/24/2013,1388.33
1/25/2013,1391.28
1/26/2013,1391.28
1/27/2013,1391.28
1/28/2013,1392.69
1/29/2013,1392.68
1/30/2013,1392.3
1/31/2013,1392.56
2/1/2013,1392.63
2/2/2013,1392.63
2/3/2013,1392.63
2/4/2013,1393.14
2/5/2013,1392.61
2/6/2013,1392.52
2/7/2013,1391.63
2/8/2013,1390.29
2/9/2013,1390.29
2/10/2013,1390.29
2/11/2013,1390.29
2/12/2013,1390.29
2/13/2013,1391.09
2/14/2013,1390.53
2/15/2013,1391.18
2/16/2013,1391.18
2/17/2013,1391.18
2/18/2013,1392.32
2/19/2013,1392.95
2/20/2013,1392.95
2/21/2013,1392.38
2/22/2013,1395.68
2/23/2013,1395.68
2/24/2013,1395.68
2/25/2013,1396.44
2/26/2013,1398.31
2/27/2013,1401.31
2/28/2013,1402.15
3/1/2013,1401.68
3/2/2013,1401.68
3/3/2013,1401.68
3/4/2013,1402.73
3/5/2013,1403.04
3/6/2013,1402.37
3/7/2013,1398.55
3/8/2013,1398.55
3/9/2013,1398.55
3/10/2013,1398.55
3/11/2013,1399.17
3/12/2013,1400.46
3/13/2013,1401.06
3/14/2013,1401.46
3/15/2013,1399.82
3/16/2013,1399.82
3/17/2013,1399.82
3/18/2013,1402.04
3/19/2013,1405.81
3/20/2013,1403.99
3/21/2013,1408.22
3/22/2013,1405.19
3/23/2013,1405.19
3/24/2013,1405.19
3/25/2013,1410.27
3/26/2013,1410.37
3/27/2013,1410.68
3/28/2013,1410.47
3/29/2013,1410.32
3/30/2013,1410.32
3/31/2013,1410.32
4/1/2013,1410.57
4/2/2013,1409.63
4/3/2013,1408.18
4/4/2013,1410.63
4/5/2013,1409.8
4/6/2013,1409.8
4/7/2013,1409.8
4/8/2013,1409.18
4/9/2013,1410.56
4/10/2013,1411.54
4/11/2013,1409.8
4/12/2013,1411.09
4/13/2013,1411.09
4/14/2013,1411.09
4/15/2013,1413.2
4/16/2013,1415.43
4/17/2013,1414.65
4/18/2013,1416.34
4/19/2013,1420.54
4/20/2013,1420.54
4/21/2013,1420.54
4/22/2013,1422.89
4/23/2013,1424.82
4/24/2013,1425.77
4/25/2013,1428.26
4/26/2013,1430.76
4/27/2013,1430.76
4/28/2013,1430.76
4/29/2013,1433.31
4/30/2013,1436.12
5/1/2013,1433.84
5/2/2013,1434.94
5/3/2013,1432.81
5/4/2013,1432.81
5/5/2013,1432.81
5/6/2013,1433.66
5/7/2013,1435.61
5/8/2013,1436.37
5/9/2013,1436.87
5/10/2013,1436.42
5/11/2013,1436.42
5/12/2013,1436.42
5/13/2013,1436.82
5/14/2013,1437.47
5/15/2013,1438.98
5/16/2013,1438.96
5/17/2013,1437.7
5/18/2013,1437.7
5/19/2013,1437.7
5/20/2013,1439.87
5/21/2013,1439.67
5/22/2013,1440.38
5/23/2013,1439
5/24/2013,1440.04
5/25/2013,1440.04
5/26/2013,1440.04
5/27/2013,1441.93
5/28/2013,1441.92
5/29/2013,1442.06
5/30/2013,1442.73
5/31/2013,1442.2
6/1/2013,1442.2
6/2/2013,1442.2
6/3/2013,1441.83
6/4/2013,1441.28
6/5/2013,1438.17
6/6/2013,1436.93
6/7/2013,1433.43
6/8/2013,1433.43
6/9/2013,1433.43
6/10/2013,1433.22
6/11/2013,1432.59
6/12/2013,1432.98
6/13/2013,1433.73
6/14/2013,1433.17
6/15/2013,1433.17
6/16/2013,1433.17
6/17/2013,1436.86
6/18/2013,1437.98
6/19/2013,1438.02
6/20/2013,1439.77
6/21/2013,1437.55
6/22/2013,1437.55
6/23/2013,1437.55
6/24/2013,1440.02
6/25/2013,1440.12
6/26/2013,1440.12
6/27/2013,1444.03
6/28/2013,1446.17
6/29/2013,1446.17
6/30/2013,1446.17
7/1/2013,1447.51
7/2/2013,1451.08
7/3/2013,1451.11
7/4/2013,1456.6
7/5/2013,1460.21
7/6/2013,1460.21
7/7/2013,1460.21
7/8/2013,1463.72
7/9/2013,1462.58
7/10/2013,1462.75
7/11/2013,1462.75
7/12/2013,1462.75
7/13/2013,1462.75
7/14/2013,1462.75
7/15/2013,1461.23
7/16/2013,1462.86
7/17/2013,1462.71
7/18/2013,1470.36
7/19/2013,1470.49
7/20/2013,1470.49
7/21/2013,1470.49
7/22/2013,1479.12
7/23/2013,1486.89
7/24/2013,1495.7
7/25/2013,1501.78
7/26/2013,1506.9
7/27/2013,1506.9
7/28/2013,1506.9
7/29/2013,1501.45
7/30/2013,1500.75
7/31/2013,1499.6
8/1/2013,1501.78
8/2/2013,1506.94
8/3/2013,1506.94
8/4/2013,1506.94
8/5/2013,1527.81
8/6/2013,1548.26
8/7/2013,1563.48
8/8/2013,1570.32
8/9/2013,1563.67
8/10/2013,1563.67
8/11/2013,1563.67
8/12/2013,1567.4
8/13/2013,1567.38
8/14/2013,1568.18
8/15/2013,1568.73
8/16/2013,1571.57
8/17/2013,1571.57
8/18/2013,1571.57
8/19/2013,1573.9
8/20/2013,1577.49
8/21/2013,1579.15
8/22/2013,1584.77
8/23/2013,1585.89
8/24/2013,1585.89
8/25/2013,1585.89
8/26/2013,1590.08
8/27/2013,1598.21
8/28/2013,1602.89
8/29/2013,1614.48
8/30/2013,1616.98
8/31/2013,1616.98
9/1/2013,1616.98
9/2/2013,1622.4
9/3/2013,1644.15
9/4/2013,1653.72
9/5/2013,1669.75
9/6/2013,1683.97
9/7/2013,1683.97
9/8/2013,1683.97
9/9/2013,1712.38
9/10/2013,1710.61
9/11/2013,1717.29
9/12/2013,1722.96
9/13/2013,1705.61
9/14/2013,1705.61
9/15/2013,1705.61
9/16/2013,1683.62
9/17/2013,1674.97
9/18/2013,1658.43
9/19/2013,1638.19
9/20/2013,1617.35
9/21/2013,1617.35
9/22/2013,1617.35
9/23/2013,1615.7
9/24/2013,1619.05
9/25/2013,1630.01
9/26/2013,1629.31
9/27/2013,1646.48
9/28/2013,1646.48
9/29/2013,1646.48
9/30/2013,1655.44
10/1/2013,1650.04
10/2/2013,1657.29
10/3/2013,1662.76
10/4/2013,1659.12
10/5/2013,1659.12
10/6/2013,1659.12
10/7/2013,1663.88
10/8/2013,1670.88
10/9/2013,1669.06
10/10/2013,1683.88
10/11/2013,1685.3
10/12/2013,1685.3
10/13/2013,1685.3
10/14/2013,1686.75
10/15/2013,1692.81
10/16/2013,1690.76
10/17/2013,1695.65
10/18/2013,1692.24
10/19/2013,1692.24
10/20/2013,1692.24
10/21/2013,1697.5
10/22/2013,1696.37
10/23/2013,1699.39
10/24/2013,1701.37
10/25/2013,1700.02
10/26/2013,1700.02
10/27/2013,1700.02
10/28/2013,1710.72
10/29/2013,1714.2
10/30/2013,1719.03
10/31/2013,1716.28
11/1/2013,1702.28
11/2/2013,1702.28
11/3/2013,1702.28
11/4/2013,1702.28
11/5/2013,1699.54
11/6/2013,1706.16
11/7/2013,1715.48
11/8/2013,1716.26
11/9/2013,1716.26
11/10/2013,1716.26
11/11/2013,1723.89
11/12/2013,1726.07
11/13/2013,1731.58
11/14/2013,1738.82
11/15/2013,1752.48
11/16/2013,1752.48
11/17/2013,1752.48
11/18/2013,1742.98
11/19/2013,1748.2
11/20/2013,1746.01
11/21/2013,1748.49
11/22/2013,1745.93
11/23/2013,1745.93
11/24/2013,1745.93
11/25/2013,1745.84
11/26/2013,1746.59
11/27/2013,1745.43
11/28/2013,1745.75
11/29/2013,1741.71
11/30/2013,1741.71
12/1/2013,1741.71
12/2/2013,1742.06
12/3/2013,1739.66
12/4/2013,1732.78
12/5/2013,1730.61
12/6/2013,1723.22
12/7/2013,1723.22
12/8/2013,1723.22
12/9/2013,1713.73
12/10/2013,1709.86
12/11/2013,1705
12/12/2013,1691.69
12/13/2013,1671.93
12/14/2013,1671.93
12/15/2013,1671.93
12/16/2013,1660.93
12/17/2013,1655.44
12/18/2013,1647.44
12/19/2013,1641.38
12/20/2013,1629.65
12/21/2013,1629.65
12/22/2013,1629.65
12/23/2013,1630.03
12/24/2013,1620.27
12/25/2013,1617.27
12/26/2013,1625.54
12/27/2013,1638.81
12/28/2013,1638.81
12/29/2013,1638.81
12/30/2013,1654.1
12/31/2013,1659.34
1/1/2014,1659.34
1/2/2014,1678.37
1/3/2014,1693.96
1/4/2014,1693.96
1/5/2014,1693.96
1/6/2014,1693.04
1/7/2014,1721.16
1/8/2014,1722.74
1/9/2014,1736.61
1/10/2014,1722.19
1/11/2014,1722.19
1/12/2014,1722.19
1/13/2014,1712.39
1/14/2014,1704.7
1/15/2014,1702.94
1/16/2014,1708.18
1/17/2014,1712.17
1/18/2014,1712.17
1/19/2014,1712.17
1/20/2014,1716.17
1/21/2014,1717.31
1/22/2014,1719.92
1/23/2014,1723.47
1/24/2014,1723.26
1/25/2014,1723.26
1/26/2014,1723.26
1/27/2014,1722.55
1/28/2014,1723.21
1/29/2014,1721.85
1/30/2014,1723.22
1/31/2014,1723.22
2/1/2014,1723.22
2/2/2014,1723.22
2/3/2014,1722.89
2/4/2014,1726.32
2/5/2014,1728.95
2/6/2014,1730.29
2/7/2014,1736.65
2/8/2014,1736.65
2/9/2014,1736.65
2/10/2014,1741.45
2/11/2014,1744.1
2/12/2014,1747.58
2/13/2014,1748.69
2/14/2014,1749.68
2/15/2014,1749.68
2/16/2014,1749.68
2/17/2014,1749.8
2/18/2014,1748.83
2/19/2014,1755.88
2/20/2014,1761.96
2/21/2014,1769.66
2/22/2014,1769.66
2/23/2014,1769.66
2/24/2014,1776.11
2/25/2014,1780.82
2/26/2014,1783.94
2/27/2014,1787.59
2/28/2014,1752.38
3/1/2014,1752.38
3/2/2014,1752.38
3/3/2014,1751.61
3/4/2014,1750.33
3/5/2014,1766.52
3/6/2014,1770.73
3/7/2014,1775.05
3/8/2014,1775.05
3/9/2014,1775.05
3/10/2014,1776.97
3/11/2014,1775.3
3/12/2014,1768.58
3/13/2014,1767.94
3/14/2014,1764.8
3/15/2014,1764.8
3/16/2014,1764.8
3/17/2014,1767.93
3/18/2014,1768.81
3/19/2014,1769.87
3/20/2014,1773.96
3/21/2014,1775.8
3/22/2014,1775.8
3/23/2014,1775.8
3/24/2014,1778.93
3/25/2014,1781.28
3/26/2014,1785.16
3/27/2014,1784.28
3/28/2014,1782.54
3/29/2014,1782.54
3/30/2014,1782.54
3/31/2014,1782.01
4/1/2014,1782.55
4/2/2014,1782.76
4/3/2014,1784.49
4/4/2014,1784.87
4/5/2014,1784.87
4/6/2014,1784.87
4/7/2014,1778.05
4/8/2014,1782.12
4/9/2014,1782.46
4/10/2014,1780.86
4/11/2014,1778.78
4/12/2014,1778.78
4/13/2014,1778.78
4/14/2014,1779.12
4/15/2014,1778.89
4/16/2014,1778.4
4/17/2014,1779.92
4/18/2014,1781.38
4/19/2014,1781.38
4/20/2014,1781.38
4/21/2014,1781.27
4/22/2014,1784.83
4/23/2014,1785.37
4/24/2014,1788.46
4/25/2014,1790.48
4/26/2014,1790.48
4/27/2014,1790.48
4/28/2014,1792.29
4/29/2014,1796.94
4/30/2014,1796.19
5/1/2014,1795.35
5/2/2014,1796.01
5/3/2014,1796.01
5/4/2014,1796.01
5/5/2014,1798.29
5/6/2014,1800.05
5/7/2014,1801.97
5/8/2014,1806.72
5/9/2014,1808.9
5/10/2014,1808.9
5/11/2014,1808.9
5/12/2014,1808.13
5/13/2014,1810.68
5/14/2014,1813.99
5/15/2014,1818.55
5/16/2014,1816.4
5/17/2014,1816.4
5/18/2014,1816.4
5/19/2014,1812.51
5/20/2014,1819.32
5/21/2014,1824.55
5/22/2014,1826.09
5/23/2014,1825.14
5/24/2014,1825.14
5/25/2014,1825.14
5/26/2014,1821.39
5/27/2014,1825.34
5/28/2014,1821.46
5/29/2014,1818.32
5/30/2014,1818.65
5/31/2014,1818.65
6/1/2014,1818.65
6/2/2014,1821.08
6/3/2014,1823.82
6/4/2014,1823.62
6/5/2014,1826.3
6/6/2014,1825.21
6/7/2014,1825.21
6/8/2014,1825.21
6/9/2014,1823.34
6/10/2014,1824.83
6/11/2014,1824.78
6/12/2014,1824.7
6/13/2014,1824.14
6/14/2014,1824.14
6/15/2014,1824.14
6/16/2014,1824.55
6/17/2014,1825.14
6/18/2014,1823.2
6/19/2014,1824.94
6/20/2014,1824.1
6/21/2014,1824.1
6/22/2014,1824.1
6/23/2014,1824.65
6/24/2014,1825.13
6/25/2014,1825.67
6/26/2014,1826.56
6/27/2014,1825.84
6/28/2014,1825.84
6/29/2014,1825.84
6/30/2014,1825.74
7/1/2014,1826.41
7/2/2014,1826.3
7/3/2014,1826.95
7/4/2014,1827.7
7/5/2014,1827.7
7/6/2014,1827.7
7/7/2014,1829.87
7/8/2014,1832.65
7/9/2014,1834.71
7/10/2014,1838.54
7/11/2014,1838.54
7/12/2014,1838.54
7/13/2014,1838.54
7/14/2014,1838.54
7/15/2014,1838.54
7/16/2014,1836.95
7/17/2014,1840.25
7/18/2014,1841.93
7/19/2014,1841.93
7/20/2014,1841.93
7/21/2014,1843.9
7/22/2014,1846.65
7/23/2014,1849.51
7/24/2014,1853.09
7/25/2014,1856.92
7/26/2014,1856.92
7/27/2014,1856.92
7/28/2014,1860.88
7/29/2014,1867.19
7/30/2014,1870
7/31/2014,1870.92
8/1/2014,1867.78
8/2/2014,1867.78
8/3/2014,1867.78
8/4/2014,1869.77
8/5/2014,1872.15
8/6/2014,1874.73
8/7/2014,1878.81
8/8/2014,1880.99
8/9/2014,1880.99
8/10/2014,1880.99
8/11/2014,1884
8/12/2014,1888.01
8/13/2014,1891.98
8/14/2014,1897.73
8/15/2014,1886.67
8/16/2014,1886.67
8/17/2014,1886.67
8/18/2014,1871.57
8/19/2014,1859.45
8/20/2014,1858.68
8/21/2014,1855.58
8/22/2014,1847.7
8/23/2014,1847.7
8/24/2014,1847.7
8/25/2014,1835.86
8/26/2014,1829.01
8/27/2014,1826.34
8/28/2014,1817.66
8/29/2014,1811.03
8/30/2014,1811.03
8/31/2014,1811.03
9/1/2014,1802.5
9/2/2014,1802.97
9/3/2014,1819.24
9/4/2014,1832.41
9/5/2014,1834.51
9/6/2014,1834.51
9/7/2014,1834.51
9/8/2014,1836.72
9/9/2014,1841.35
9/10/2014,1842.63
9/11/2014,1844.59
9/12/2014,1844.22
9/13/2014,1844.22
9/14/2014,1844.22
9/15/2014,1844.12
9/16/2014,1843.84
9/17/2014,1842.61
9/18/2014,1838.75
9/19/2014,1838.84
9/20/2014,1838.84
9/21/2014,1838.84
9/22/2014,1838.99
9/23/2014,1838.97
9/24/2014,1839.3
9/25/2014,1839.04
9/26/2014,1839.34
9/27/2014,1839.34
9/28/2014,1839.34
9/29/2014,1840.54
9/30/2014,1840.91
10/1/2014,1841.35
10/2/2014,1841.54
10/3/2014,1842.21
10/4/2014,1842.21
10/5/2014,1842.21
10/6/2014,1842.95
10/7/2014,1843.76
10/8/2014,1844.48
10/9/2014,1846.28
10/10/2014,1846.47
10/11/2014,1846.47
10/12/2014,1846.47
10/13/2014,1845.71
10/14/2014,1848.75
10/15/2014,1849.72
10/16/2014,1850.53
10/17/2014,1850.11
10/18/2014,1850.11
10/19/2014,1850.11
10/20/2014,1851.39
10/21/2014,1852.31
10/22/2014,1852.67
10/23/2014,1853.3
10/24/2014,1853.21
10/25/2014,1853.21
10/26/2014,1853.21
10/27/2014,1854.56
10/28/2014,1856.44
10/29/2014,1857.3
10/30/2014,1861.2
10/31/2014,1862.36
11/1/2014,1862.36
11/2/2014,1862.36
11/3/2014,1866.02
11/4/2014,1869.21
11/5/2014,1868.58
11/6/2014,1873.23
11/7/2014,1873.41
11/8/2014,1873.41
11/9/2014,1873.41
11/10/2014,1873.43
11/11/2014,1873.54
11/12/2014,1874.86
11/13/2014,1876.9
11/14/2014,1876.45
11/15/2014,1876.45
11/16/2014,1876.45
11/17/2014,1878.36
11/18/2014,1879.23
11/19/2014,1881.65
11/20/2014,1883.13
11/21/2014,1885.8
11/22/2014,1885.8
11/23/2014,1885.8
11/24/2014,1887.83
11/25/2014,1890.43
11/26/2014,1892.79
11/27/2014,1895.32
11/28/2014,1895.17
11/29/2014,1895.17
11/30/2014,1895.17
12/1/2014,1888.95
12/2/2014,1875.74
12/3/2014,1875.59
12/4/2014,1875.37
12/5/2014,1875.73
12/6/2014,1875.73
12/7/2014,1875.73
12/8/2014,1879.17
12/9/2014,1880.37
12/10/2014,1882.04
12/11/2014,1888.44
12/12/2014,1889.95
12/13/2014,1889.95
12/14/2014,1889.95
12/15/2014,1891.3
12/16/2014,1895.89
12/17/2014,1897.1
12/18/2014,1890.02
12/19/2014,1871.32
12/20/2014,1871.32
12/21/2014,1871.32
12/22/2014,1869.98
12/23/2014,1878.16
12/24/2014,1881.48
12/25/2014,1881.02
12/26/2014,1884.33
12/27/2014,1884.33
12/28/2014,1884.33
12/29/2014,1884.33
12/30/2014,1885.6
12/31/2014,1888.44
1/1/2015,1888.44
1/2/2015,1888.44
1/3/2015,1888.44
1/4/2015,1888.44
1/5/2015,1892.91
1/6/2015,1902.52
1/7/2015,1909.47
1/8/2015,1924.9
1/9/2015,1925.91
1/10/2015,1926.44
1/11/2015,1926.44
1/12/2015,1929.59
1/13/2015,1933.44
1/14/2015,1938.97
1/15/2015,1940.2
1/16/2015,1932.86
1/17/2015,1932.86
1/18/2015,1932.86
1/19/2015,1936.78
1/20/2015,1940.8
1/21/2015,1942.39
1/22/2015,1944.43
1/23/2015,1944.06
1/24/2015,1944.06
1/25/2015,1944.06
1/26/2015,1944.02
1/27/2015,1944.61
1/28/2015,1943.64
1/29/2015,1943.97
1/30/2015,1944.78
1/31/2015,1944.78
2/1/2015,1944.78
2/2/2015,1944.24
2/3/2015,1946.23
2/4/2015,1946.07
2/5/2015,1949.54
2/6/2015,1949.09
2/7/2015,1949.09
2/8/2015,1949.09
2/9/2015,1951.09
2/10/2015,1956.17
2/11/2015,1957.58
2/12/2015,1961.25
2/13/2015,1961.42
2/14/2015,1961.42
2/15/2015,1961.42
2/16/2015,1965.08
2/17/2015,1968.61
2/18/2015,1973.57
2/19/2015,1973.57
2/20/2015,1973.57
2/21/2015,1973.57
2/22/2015,1973.57
2/23/2015,1974.69
2/24/2015,1975.95
2/25/2015,1982.89
2/26/2015,1973.53
2/27/2015,1974.52
2/28/2015,1974.52
3/1/2015,1974.52
3/2/2015,1974.25
3/3/2015,1977.95
3/4/2015,1979.2
3/5/2015,1984.44
3/6/2015,1985.51
3/7/2015,1985.51
3/8/2015,1985.51
3/9/2015,1986.45
3/10/2015,1987.98
3/11/2015,1988.54
3/12/2015,1988.19
3/13/2015,1987.43
3/14/2015,1987.43
3/15/2015,1987.43
3/16/2015,1985.1
3/17/2015,1988.42
3/18/2015,1989.18
3/19/2015,1989.92
3/20/2015,1989.71
3/21/2015,1989.71
3/22/2015,1989.71
3/23/2015,1986.55
3/24/2015,1992.63
3/25/2015,1993.92
3/26/2015,1989.51
3/27/2015,1985.14
3/28/2015,1985.14
3/29/2015,1985.14
3/30/2015,1982.09
3/31/2015,1984.69
4/1/2015,1983.05
4/2/2015,1985.4
4/3/2015,1985.85
4/4/2015,1985.85
4/5/2015,1985.85
4/6/2015,1986.04
4/7/2015,1986.45
4/8/2015,1986.16
4/9/2015,1985.95
4/10/2015,1985.1
4/11/2015,1985.1
4/12/2015,1985.1
4/13/2015,1984.15
4/14/2015,1984.52
4/15/2015,1982.99
4/16/2015,1980.61
4/17/2015,1970.79
4/18/2015,1970.79
4/19/2015,1970.79
4/20/2015,1970.35
4/21/2015,1969.85
4/22/2015,1964.66
4/23/2015,1964.01
4/24/2015,1962.81
4/25/2015,1962.81
4/26/2015,1962.81
4/27/2015,1963.84
4/28/2015,1963.03
4/29/2015,1962.33
4/30/2015,1960.41
5/1/2015,1959.23
5/2/2015,1959.23
5/3/2015,1959.23
5/4/2015,1958.09
5/5/2015,1954.19
5/6/2015,1952.93
5/7/2015,1948.51
5/8/2015,1947.56
5/9/2015,1947.56
5/10/2015,1947.56
5/11/2015,1945.45
5/12/2015,1944.13
5/13/2015,1943.34
5/14/2015,1943.88
5/15/2015,1943.19
5/16/2015,1943.19
5/17/2015,1943.19
5/18/2015,1940.73
5/19/2015,1940.6
5/20/2015,1939.09
5/21/2015,1936.77
5/22/2015,1935.23
5/23/2015,1935.23
5/24/2015,1935.23
5/25/2015,1927.89
5/26/2015,1925.01
5/27/2015,1917.55
5/28/2015,1914.13
5/29/2015,1907.32
5/30/2015,1907.32
5/31/2015,1907.32
6/1/2015,1907.32
6/2/2015,1901.92
6/3/2015,1896.38
6/4/2015,1890.81
6/5/2015,1877.91
6/6/2015,1877.91
6/7/2015,1877.91
6/8/2015,1869.69
6/9/2015,1866.47
6/10/2015,1863.41
6/11/2015,1863.61
6/12/2015,1862.17
6/13/2015,1862.17
6/14/2015,1862.17
6/15/2015,1872.13
6/16/2015,1882.64
6/17/2015,1898.95
6/18/2015,1913.32
6/19/2015,1917.38
6/20/2015,1917.38
6/21/2015,1917.38
6/22/2015,1923.22
6/23/2015,1928.9
6/24/2015,1931.93
6/25/2015,1942.56
6/26/2015,1948.93
6/27/2015,1948.93
6/28/2015,1948.93
6/29/2015,1953.19
6/30/2015,1963.56
7/1/2015,1969.39
7/2/2015,1977.48
7/3/2015,1976.72
7/4/2015,1976.72
7/5/2015,1976.72
7/6/2015,1972.08
7/7/2015,1972.54
7/8/2015,1967.05
7/9/2015,1971.62
7/10/2015,1973.45
7/11/2015,1973.45
7/12/2015,1973.45
7/13/2015,1973.45
7/14/2015,1973.45
7/15/2015,1973.45
7/16/2015,1983.41
7/17/2015,1984.28
7/18/2015,1984.28
7/19/2015,1984.28
7/20/2015,1976.44
7/21/2015,1974.79
7/22/2015,1978.29
7/23/2015,1986.88
7/24/2015,1985.06
7/25/2015,1985.06
7/26/2015,1985.06
7/27/2015,1984.84
7/28/2015,1978.8
7/29/2015,1982.42
7/30/2015,1985.06
7/31/2015,1985.06
8/1/2015,1985.06
8/2/2015,1985.06
8/3/2015,1986.27
8/4/2015,1988.03
8/5/2015,1987.99
8/6/2015,1987.84
8/7/2015,1987.92
8/8/2015,1987.92
8/9/2015,1987.92
8/10/2015,1988.42
8/11/2015,1989
8/12/2015,1990.59
8/13/2015,1991.18
8/14/2015,1992.16
8/15/2015,1992.16
8/16/2015,1992.16
8/17/2015,1992.93
8/18/2015,1991.57
8/19/2015,1993.22
8/20/2015,1991.89
8/21/2015,1992.69
8/22/2015,1992.69
8/23/2015,1992.69
8/24/2015,1989.59
8/25/2015,1990.56
8/26/2015,1992.65
8/27/2015,1992.18
8/28/2015,1991.88
8/29/2015,1991.88
8/30/2015,1991.88
8/31/2015,1991.49
9/1/2015,1992.17
9/2/2015,1991.91
9/3/2015,1993.93
9/4/2015,1993.28
9/5/2015,1993.28
9/6/2015,1993.28
9/7/2015,1989.47
9/8/2015,1993.35
9/9/2015,1994.89
9/10/2015,1995.73
9/11/2015,1997.26
9/12/2015,1997.26
9/13/2015,1997.26
9/14/2015,1993.94
9/15/2015,1986.49
9/16/2015,1990.09
9/17/2015,1992.5
9/18/2015,1993.59
9/19/2015,1993.59
9/20/2015,1993.59
9/21/2015,1993.66
9/22/2015,1995.17
9/23/2015,1995.28
9/24/2015,1996.27
9/25/2015,1996.76
9/26/2015,1996.76
9/27/2015,1996.76
9/28/2015,1993.89
9/29/2015,1996.99
9/30/2015,1996.83
10/1/2015,1996.27
10/2/2015,1996.69
10/3/2015,1996.69
10/4/2015,1996.69
10/5/2015,1996.34
10/6/2015,1995.06
10/7/2015,1995.99
10/8/2015,1993.59
10/9/2015,1994.45
10/10/2015,1994.45
10/11/2015,1994.45
10/12/2015,1994.63
10/13/2015,1994.43
10/14/2015,1994.64
10/15/2015,1990.36
10/16/2015,1992.78
10/17/2015,1992.78
10/18/2015,1992.78
10/19/2015,1992.53
10/20/2015,1991.22
10/21/2015,1991.98
10/22/2015,1992.26
10/23/2015,1991.7
10/24/2015,1991.7
10/25/2015,1991.7
10/26/2015,1993.26
10/27/2015,1991.3
10/28/2015,1992.12
10/29/2015,1990.43
10/30/2015,1991.67
10/31/2015,1991.67
11/1/2015,1991.67
11/2/2015,1992.09
11/3/2015,1992.84
11/4/2015,1992.52
11/5/2015,1993.15
11/6/2015,1992.09
11/7/2015,1992.09
11/8/2015,1992.09
11/9/2015,1992.79
11/10/2015,1992.84
11/11/2015,1993.09
11/12/2015,1993.09
11/13/2015,1989.53
11/14/2015,1989.53
11/15/2015,1989.53
11/16/2015,1991.59
11/17/2015,1991.7
11/18/2015,1992.76
11/19/2015,1993.46
11/20/2015,1992.95
11/21/2015,1992.95
11/22/2015,1992.95
11/23/2015,1993.42
11/24/2015,1993.84
11/25/2015,1993.81
11/26/2015,1994.36
11/27/2015,1994.28
11/28/2015,1994.28
11/29/2015,1994.28
11/30/2015,1994.83
12/1/2015,1995.39
12/2/2015,1995.86
12/3/2015,1996.77
12/4/2015,1996.9
12/5/2015,1996.9
12/6/2015,1996.9
12/7/2015,1997.04
12/8/2015,1997.36
12/9/2015,1997.56
12/10/2015,1997.42
12/11/2015,1994.16
12/12/2015,1994.16
12/13/2015,1994.16
12/14/2015,1996.02
12/15/2015,1993.47
12/16/2015,1995.3
12/17/2015,1996.37
12/18/2015,1996.03
12/19/2015,1996.03
12/20/2015,1996.03
12/21/2015,1996.25
12/22/2015,1996.27
12/23/2015,1996.32
12/24/2015,1996.5
12/25/2015,1992.71
12/26/2015,1992.71
12/27/2015,1992.71
12/28/2015,1993.32
12/29/2015,1993.32
12/30/2015,1995.98
12/31/2015,1995.51
1/1/2016,1995.51
1/2/2016,1995.51
1/3/2016,1995.51
1/4/2016,1996.66
1/5/2016,1997.63
1/6/2016,1998.14
1/7/2016,1998.61
1/8/2016,1998.32
1/9/2016,1998.32
1/10/2016,1998.32
1/11/2016,1998.23
1/12/2016,1998.88
1/13/2016,1999.37
1/14/2016,1999.93
1/15/2016,2003.48
1/16/2016,2003.48
1/17/2016,2003.48
1/18/2016,2004.88
1/19/2016,2006.79
1/20/2016,2007.31
1/21/2016,2007.1
1/22/2016,2007.09
1/23/2016,2007.09
1/24/2016,2007.09
1/25/2016,2006.44
1/26/2016,2007.68
1/27/2016,2007.81
1/28/2016,2008.59
1/29/2016,2011.38
1/30/2016,2011.38
1/31/2016,2011.38
2/1/2016,2010.73
2/2/2016,2013.38
2/3/2016,2014.43
2/4/2016,2017.42
2/5/2016,2018.53
2/6/2016,2018.53
2/7/2016,2018.53
2/8/2016,2018.82
2/9/2016,2018.82
2/10/2016,2018.82
2/11/2016,2018.82
2/12/2016,2019.42
2/13/2016,2019.42
2/14/2016,2019.42
2/15/2016,2020.45
2/16/2016,2021.72
2/17/2016,2022.11
2/18/2016,2026.75
2/19/2016,2029.3
2/20/2016,2029.3
2/21/2016,2029.3
2/22/2016,2029.17
2/23/2016,2033.45
2/24/2016,2034.32
2/25/2016,2037.14
2/26/2016,2036.88
2/27/2016,2036.88
2/28/2016,2036.88
2/29/2016,2032.47
3/1/2016,2034.64
3/2/2016,2037.59
3/3/2016,2040.97
3/4/2016,2042.34
3/5/2016,2042.34
3/6/2016,2042.34
3/7/2016,2045.88
3/8/2016,2045.88
3/9/2016,2047
3/10/2016,2048.18
3/11/2016,2047.92
3/12/2016,2047.92
3/13/2016,2047.92
3/14/2016,2046.52
3/15/2016,2044.82
3/16/2016,2041.62
3/17/2016,2046.21
3/18/2016,2047.66
3/19/2016,2047.66
3/20/2016,2047.66
3/21/2016,2048.21
3/22/2016,2048.62
3/23/2016,2049.36
3/24/2016,2050.15
3/25/2016,2050.69
3/26/2016,2050.69
3/27/2016,2050.69
3/28/2016,2050.85
3/29/2016,2050.77
3/30/2016,2050.73
3/31/2016,2048.9
4/1/2016,2048.79
4/2/2016,2048.79
4/3/2016,2048.79
4/4/2016,2047.17
4/5/2016,2042.49
4/6/2016,2042.75
4/7/2016,2032.89
4/8/2016,2026.93
4/9/2016,2026.93
4/10/2016,2026.93
4/11/2016,2023.91
4/12/2016,2020.04
4/13/2016,2013.15
4/14/2016,2008.46
4/15/2016,2005.08
4/16/2016,2005.08
4/17/2016,2005.08
4/18/2016,1992.39
4/19/2016,1986.24
4/20/2016,1978.39
4/21/2016,1982.67
4/22/2016,1980.38
4/23/2016,1980.38
4/24/2016,1980.38
4/25/2016,1996.27
4/26/2016,1996.79
4/27/2016,2005.71
4/28/2016,2009.41
4/29/2016,2011.84
4/30/2016,2011.84
5/1/2016,2011.84
5/2/2016,2015.41
5/3/2016,2017.26
5/4/2016,2019.89
5/5/2016,2020.79
5/6/2016,2021.03
5/7/2016,2021.03
5/8/2016,2021.03
5/9/2016,2021.4
5/10/2016,2020.06
5/11/2016,2017.93
5/12/2016,2012.16
5/13/2016,2003.01
5/14/2016,2003.01
5/15/2016,2003.01
5/16/2016,1998.7
5/17/2016,1991.54
5/18/2016,2001.86
5/19/2016,2001.09
5/20/2016,1998.33
5/21/2016,1998.33
5/22/2016,1998.33
5/23/2016,2000.2
5/24/2016,2000.01
5/25/2016,1997.83
5/26/2016,1998.6
5/27/2016,1994.96
5/28/2016,1994.96
5/29/2016,1994.96
5/30/2016,1990.53
5/31/2016,1988.53
6/1/2016,1988.53
6/2/2016,1988.95
6/3/2016,1984.44
6/4/2016,1984.44
6/5/2016,1984.44
6/6/2016,1984.65
6/7/2016,1985.41
6/8/2016,1980.48
6/9/2016,1980.11
6/10/2016,1974.22
6/11/2016,1974.22
6/12/2016,1974.22
6/13/2016,1970.18
6/14/2016,1970.45
6/15/2016,1961.13
6/16/2016,1956.76
6/17/2016,1952.72
6/18/2016,1952.72
6/19/2016,1952.72
6/20/2016,1950.34
6/21/2016,1947.12
6/22/2016,1941.9
6/23/2016,1941.72
6/24/2016,1938.76
6/25/2016,1938.76
6/26/2016,1938.76
6/27/2016,1944.46
6/28/2016,1962.53
6/29/2016,1962.53
6/30/2016,1982.25
7/1/2016,1992.76
7/2/2016,1992.76
7/3/2016,1992.76
7/4/2016,1995.62
7/5/2016,1993.87
7/6/2016,2007.44
7/7/2016,2012.24
7/8/2016,2017.57
7/9/2016,2017.57
7/10/2016,2017.57
7/11/2016,2017.57
7/12/2016,2017.57
7/13/2016,2017.57
7/14/2016,2017.57
7/15/2016,2017.57
7/16/2016,2017.57
7/17/2016,2017.57
7/18/2016,2023.2
7/19/2016,2032.54
7/20/2016,2037.51
7/21/2016,2043.4
7/22/2016,2048.74
7/23/2016,2048.74
7/24/2016,2048.74
7/25/2016,2049.3
7/26/2016,2053.05
7/27/2016,2061.7
7/28/2016,2068.43
7/29/2016,2073.09
7/30/2016,2073.09
7/31/2016,2073.09
8/1/2016,2074.64
8/2/2016,2087.61
8/3/2016,2090.84
8/4/2016,2098.3
8/5/2016,2111.27
8/6/2016,2111.27
8/7/2016,2111.27
8/8/2016,2122.65
8/9/2016,2131.81
8/10/2016,2141.59
8/11/2016,2152.07
8/12/2016,2169.44
8/13/2016,2169.44
8/14/2016,2169.44
8/15/2016,2187.38
8/16/2016,2237.32
8/17/2016,2251.99
8/18/2016,2265.28
8/19/2016,2263.7
8/20/2016,2263.7
8/21/2016,2263.7
8/22/2016,2260.05
8/23/2016,2257.87
8/24/2016,2254.97
8/25/2016,2250.95
8/26/2016,2253.24
8/27/2016,2253.24
8/28/2016,2253.24
8/29/2016,2233.56
8/30/2016,2231.93
8/31/2016,2219.65
9/1/2016,2207.7
9/2/2016,2211.58
9/3/2016,2211.58
9/4/2016,2211.58
9/5/2016,2213.18
9/6/2016,2212.61
9/7/2016,2220.22
9/8/2016,2223.62
9/9/2016,2232.86
9/10/2016,2232.86
9/11/2016,2232.86
9/12/2016,2232.65
9/13/2016,2238.52
9/14/2016,2240.74
9/15/2016,2244.97
9/16/2016,2246.43
9/17/2016,2246.43
9/18/2016,2246.43
9/19/2016,2247.86
9/20/2016,2247.52
9/21/2016,2249.42
9/22/2016,2253.61
9/23/2016,2257.89
9/24/2016,2257.89
9/25/2016,2257.89
9/26/2016,2263.94
9/27/2016,2272.82
9/28/2016,2277.62
9/29/2016,2284.39
9/30/2016,2287.3
10/1/2016,2287.3
10/2/2016,2287.3
10/3/2016,2290.03
10/4/2016,2289.67
10/5/2016,2281.78
10/6/2016,2275.79
10/7/2016,2273.59
10/8/2016,2273.59
10/9/2016,2273.59
10/10/2016,2269.97
10/11/2016,2271.98
10/12/2016,2272.75
10/13/2016,2286.28
10/14/2016,2290.92
10/15/2016,2290.92
10/16/2016,2290.92
10/17/2016,2306.59
10/18/2016,2319.29
10/19/2016,2319.29
10/20/2016,2326.58
10/21/2016,2330.86
10/22/2016,2330.86
10/23/2016,2330.86
10/24/2016,2335.88
10/25/2016,2340.11
10/26/2016,2348.86
10/27/2016,2363.1
10/28/2016,2374.21
10/29/2016,2374.21
10/30/2016,2374.21
10/31/2016,2374.21
11/1/2016,2381.65
11/2/2016,2388.45
11/3/2016,2396.13
11/4/2016,2406.41
11/5/2016,2406.41
11/6/2016,2406.41
11/7/2016,2413.08
11/8/2016,2420.95
11/9/2016,2428.08
11/10/2016,2453.39
11/11/2016,2452.98
11/12/2016,2452.98
11/13/2016,2452.98
11/14/2016,2459.55
11/15/2016,2446.56
11/16/2016,2424.44
11/17/2016,2428.64
11/18/2016,2434.22
11/19/2016,2434.22
11/20/2016,2434.22
11/21/2016,2434.67
11/22/2016,2445.29
11/23/2016,2451.72
11/24/2016,2459.66
11/25/2016,2459.66
11/26/2016,2459.66
11/27/2016,2459.66
11/28/2016,2462.6
11/29/2016,2465.57
11/30/2016,2466.64
12/1/2016,2468.07
12/2/2016,2468.68
12/3/2016,2468.68
12/4/2016,2468.68
12/5/2016,2470.03
12/6/2016,2472.63
12/7/2016,2474.86
12/8/2016,2475.65
12/9/2016,2478.64
12/10/2016,2478.64
12/11/2016,2478.64
12/12/2016,2480.65
12/13/2016,2483
12/14/2016,2487.58
12/15/2016,2488.17
12/16/2016,2489.3
12/17/2016,2489.3
12/18/2016,2489.3
12/19/2016,2488.49
12/20/2016,2488.82
12/21/2016,2489.68
12/22/2016,2490.34
12/23/2016,2490.24
12/24/2016,2490.24
12/25/2016,2490.24
12/26/2016,2490.11
12/27/2016,2486.98
12/28/2016,2489.53
12/29/2016,2489.53
12/30/2016,2489.53
12/31/2016,2489.53
1/1/2017,2489.53
1/2/2017,2489.43
1/3/2017,2491.48
1/4/2017,2493
1/5/2017,2497.12
1/6/2017,2498.08
1/7/2017,2498.71
1/8/2017,2498.71
1/9/2017,2498.62
1/10/2017,2498.75
1/11/2017,2497.66
1/12/2017,2497.04
1/13/2017,2495.28
1/14/2017,2495.28
1/15/2017,2495.28
1/16/2017,2495.29
1/17/2017,2490.83
1/18/2017,2495.23
1/19/2017,2491.83
1/20/2017,2489.44
1/21/2017,2489.44
1/22/2017,2489.44
1/23/2017,2487.89
1/24/2017,2484.27
1/25/2017,2479.91
1/26/2017,2474.49
1/27/2017,2465.63
1/28/2017,2465.63
1/29/2017,2465.63
1/30/2017,2463.23
1/31/2017,2459.44
2/1/2017,2463.13
2/2/2017,2471
2/3/2017,2474.2
2/4/2017,2474.2
2/5/2017,2474.2
2/6/2017,2476.13
2/7/2017,2477.86
2/8/2017,2479.41
2/9/2017,2481.67
2/10/2017,2483.59
2/11/2017,2483.59
2/12/2017,2483.59
2/13/2017,2485.16
2/14/2017,2485.38
2/15/2017,2482.58
2/16/2017,2483.39
2/17/2017,2483.11
2/18/2017,2483.11
2/19/2017,2483.11
2/20/2017,2482.29
2/21/2017,2479.84
2/22/2017,2476.02
2/23/2017,2473.63
2/24/2017,2470.83
2/25/2017,2470.83
2/26/2017,2470.83
2/27/2017,2470.83
2/28/2017,2470.83
3/1/2017,2470.83
3/2/2017,2470.84
3/3/2017,2470.25
3/4/2017,2470.25
3/5/2017,2470.25
3/6/2017,2468.55
3/7/2017,2466.88
3/8/2017,2466.88
3/9/2017,2464
3/10/2017,2461.32
3/11/2017,2461.32
3/12/2017,2461.32
3/13/2017,2458.8
3/14/2017,2458.38
3/15/2017,2457.12
3/16/2017,2454.96
3/17/2017,2457.12
3/18/2017,2457.12
3/19/2017,2457.12
3/20/2017,2458.1
3/21/2017,2457.58
3/22/2017,2459.38
3/23/2017,2459.57
3/24/2017,2459.18
3/25/2017,2459.18
3/26/2017,2459.18
3/27/2017,2458.85
3/28/2017,2456.03
3/29/2017,2453.83
3/30/2017,2452.44
3/31/2017,2447.45
4/1/2017,2447.45
4/2/2017,2447.45
4/3/2017,2443.38
4/4/2017,2441.55
4/5/2017,2437.51
4/6/2017,2435.25
4/7/2017,2428.75
4/8/2017,2428.75
4/9/2017,2428.75
4/10/2017,2421.28
4/11/2017,2419.66
4/12/2017,2410.87
4/13/2017,2408.75
4/14/2017,2406.8
4/15/2017,2406.8
4/16/2017,2406.8
4/17/2017,2404.89
4/18/2017,2411.53
4/19/2017,2415.98
4/20/2017,2422.08
4/21/2017,2422.58
4/22/2017,2422.58
4/23/2017,2422.58
4/24/2017,2422.41
4/25/2017,2423.16
4/26/2017,2420.51
4/27/2017,2420.57
4/28/2017,2419.42
4/29/2017,2419.42
4/30/2017,2419.42
5/1/2017,2419.02
5/2/2017,2418.67
5/3/2017,2417.32
5/4/2017,2416.02
5/5/2017,2414.38
5/6/2017,2414.38
5/7/2017,2414.38
5/8/2017,2414.25
5/9/2017,2413.21
5/10/2017,2411.55
5/11/2017,2411.6
5/12/2017,2411.77
5/13/2017,2411.77
5/14/2017,2411.77
5/15/2017,2414.84
5/16/2017,2418.6
5/17/2017,2418.37
5/18/2017,2418.32
5/19/2017,2418.19
5/20/2017,2418.19
5/21/2017,2418.19
5/22/2017,2417.2
5/23/2017,2416.51
5/24/2017,2411.04
5/25/2017,2408.31
5/26/2017,2404.49
5/27/2017,2404.49
5/28/2017,2404.49
5/29/2017,2406.33
5/30/2017,2402.35
5/31/2017,2397.97
6/1/2017,2397.97
6/2/2017,2395.19
6/3/2017,2395.19
6/4/2017,2395.19
6/5/2017,2389.86
6/6/2017,2387.54
6/7/2017,2383.68
6/8/2017,2377.95
6/9/2017,2375.6
6/10/2017,2375.6
6/11/2017,2375.6
6/12/2017,2374.81
6/13/2017,2372.16
6/14/2017,2369.95
6/15/2017,2368.32
6/16/2017,2364.81
6/17/2017,2364.81
6/18/2017,2364.81
6/19/2017,2361.68
6/20/2017,2359.27
6/21/2017,2358.54
6/22/2017,2355.51
6/23/2017,2361.12
6/24/2017,2361.12
6/25/2017,2361.12
6/26/2017,2361.12
6/27/2017,2353.38
6/28/2017,2350.22
6/29/2017,2349.21
6/30/2017,2349.87
7/1/2017,2349.87
7/2/2017,2349.87
7/3/2017,2352.27
7/4/2017,2358.99
7/5/2017,2371.37
7/6/2017,2387.08
7/7/2017,2387.08
7/8/2017,2387.08
7/9/2017,2387.08
7/10/2017,2387.08
7/11/2017,2387.08
7/12/2017,2387.08
7/13/2017,2387.08
7/14/2017,2387.08
7/15/2017,2387.08
7/16/2017,2402.54
7/17/2017,2404.31
7/18/2017,2410.96
7/19/2017,2418.07
7/20/2017,2418.84
7/21/2017,2422.49
7/22/2017,2422.49
7/23/2017,2422.49
7/24/2017,2424.34
7/25/2017,2424.68
7/26/2017,2430.5
7/27/2017,2437.55
7/28/2017,2441.63
7/29/2017,2441.63
7/30/2017,2441.63
7/31/2017,2444.95
8/1/2017,2449.52
8/2/2017,2455.81
8/3/2017,2457.34
8/4/2017,2456.17
8/5/2017,2456.17
8/6/2017,2456.17
8/7/2017,2450.58
8/8/2017,2448.16
8/9/2017,2447.51
8/10/2017,2443.52
8/11/2017,2442.06
8/12/2017,2442.06
8/13/2017,2442.06
8/14/2017,2441
8/15/2017,2441.41
8/16/2017,2444.19
8/17/2017,2444.9
8/18/2017,2444.42
8/19/2017,2444.42
8/20/2017,2444.42
8/21/2017,2444.38
8/22/2017,2443.25
8/23/2017,2440.53
8/24/2017,2440.08
8/25/2017,2436.66
8/26/2017,2436.66
8/27/2017,2436.66
8/28/2017,2434.74
8/29/2017,2433.65
8/30/2017,2431.25
8/31/2017,2430.05
9/1/2017,2431.16
9/2/2017,2431.16
9/3/2017,2431.16
9/4/2017,2433.17
9/5/2017,2435.35
9/6/2017,2437.33
9/7/2017,2438.69
9/8/2017,2441.52
9/9/2017,2441.52
9/10/2017,2441.52
9/11/2017,2446.79
9/12/2017,2451.72
9/13/2017,2454.66
9/14/2017,2456.78
9/15/2017,2460.55
9/16/2017,2460.55
9/17/2017,2460.55
9/18/2017,2465.03
9/19/2017,2468.25
9/20/2017,2466.86
9/21/2017,2465.12
9/22/2017,2465.72
9/23/2017,2465.72
9/24/2017,2465.72
9/25/2017,2466.64
9/26/2017,2463.82
9/27/2017,2463.02
9/28/2017,2463.42
9/29/2017,2464.43
9/30/2017,2464.43
10/1/2017,2464.43
10/2/2017,2465.28
10/3/2017,2463.12
10/4/2017,2462.97
10/5/2017,2462.43
10/6/2017,2459.85
10/7/2017,2459.85
10/8/2017,2459.85
10/9/2017,2460.68
10/10/2017,2461.06
10/11/2017,2460.48
10/12/2017,2460.51
10/13/2017,2460.58
10/14/2017,2460.58
10/15/2017,2460.58
10/16/2017,2457.47
10/17/2017,2456.91
10/18/2017,2456.92
10/19/2017,2455.84
10/20/2017,2455.77
10/21/2017,2455.77
10/22/2017,2455.77
10/23/2017,2455.14
10/24/2017,2455.56
10/25/2017,2456.04
10/26/2017,2456.05
10/27/2017,2456.21
10/28/2017,2456.21
10/29/2017,2456.21
10/30/2017,2456.2
10/31/2017,2456.17
11/1/2017,2456.22
11/2/2017,2455.86
11/3/2017,2455.43
11/4/2017,2455.43
11/5/2017,2455.43
11/6/2017,2454.37
11/7/2017,2455.2
11/8/2017,2454.08
11/9/2017,2453.79
11/10/2017,2452.82
11/11/2017,2452.82
11/12/2017,2452.82
11/13/2017,2452.31
11/14/2017,2450.9
11/15/2017,2445.54
11/16/2017,2444.25
11/17/2017,2444.96
11/18/2017,2444.96
11/19/2017,2444.96
11/20/2017,2445.66
11/21/2017,2444.27
11/22/2017,2444.01
11/23/2017,2444.27
11/24/2017,2444.11
11/25/2017,2444.11
11/26/2017,2444.11
11/27/2017,2444.6
11/28/2017,2444.32
11/29/2017,2444.38
11/30/2017,2443.57
12/1/2017,2443.72
12/2/2017,2443.72
12/3/2017,2443.72
12/4/2017,2442.22
12/5/2017,2441.66
12/6/2017,2440.77
12/7/2017,2439.64
12/8/2017,2438.16
12/9/2017,2438.16
12/10/2017,2438.16
12/11/2017,2437.41
12/12/2017,2437.18
12/13/2017,2436.27
12/14/2017,2436.29
12/15/2017,2434.22
12/16/2017,2434.22
12/17/2017,2434.22
12/18/2017,2425.78
12/19/2017,2428.21
12/20/2017,2427.09
12/21/2017,2426.27
12/22/2017,2426.41
12/23/2017,2426.41
12/24/2017,2426.41
12/25/2017,2427.17
12/26/2017,2426.79
12/27/2017,2427.4
12/28/2017,2427.13
12/29/2017,2427.13
12/30/2017,2427.13
12/31/2017,2427.13
1/1/2018,2427.13
1/2/2018,2428.23
1/3/2018,2428.21
1/4/2018,2428.91
1/5/2018,2430.35
1/6/2018,2430.35
1/7/2018,2430.35
1/8/2018,2432.64
1/9/2018,2432.32
1/10/2018,2433.66
1/11/2018,2433.67
1/12/2018,2432.75
1/13/2018,2432.75
1/14/2018,2432.75
1/15/2018,2431.51
1/16/2018,2429.73
1/17/2018,2424.68
1/18/2018,2422.78
1/19/2018,2423.37
1/20/2018,2423.37
1/21/2018,2423.37
1/22/2018,2422.3
1/23/2018,2421.07
1/24/2018,2420.19
1/25/2018,2420.08
1/26/2018,2417.73
1/27/2018,2417.73
1/28/2018,2417.73
1/29/2018,2418.95
1/30/2018,2419.09
1/31/2018,2417.71
2/1/2018,2416.38
2/2/2018,2415.43
2/3/2018,2415.43
2/4/2018,2415.43
2/5/2018,2414.84
2/6/2018,2412.92
2/7/2018,2410.67
2/8/2018,2409.64
2/9/2018,2405.35
2/10/2018,2405.35
2/11/2018,2405.35
2/12/2018,2402.06
2/13/2018,2400.13
2/14/2018,2396.26
2/15/2018,2395.85
2/16/2018,2395.85
2/17/2018,2395.85
2/18/2018,2395.85
2/19/2018,2397.63
2/20/2018,2398.21
2/21/2018,2398.26
2/22/2018,2398.35
2/23/2018,2397.69
2/24/2018,2397.69
2/25/2018,2397.69
2/26/2018,2395.93
2/27/2018,2395.3
2/28/2018,2394.23
3/1/2018,2393.81
3/2/2018,2393.75
3/3/2018,2393.75
3/4/2018,2393.75
3/5/2018,2393.88
3/6/2018,2393.92
3/7/2018,2394.18
3/8/2018,2394.18
3/9/2018,2394.77
3/10/2018,2394.77
3/11/2018,2394.77
3/12/2018,2394.91
3/13/2018,2396.22
3/14/2018,2395.4
3/15/2018,2395.47
3/16/2018,2397.19
3/17/2018,2397.19
3/18/2018,2397.19
3/19/2018,2398.38
3/20/2018,2398.42
3/21/2018,2398.69
3/22/2018,2396.93
3/23/2018,2396.35
3/24/2018,2396.35
3/25/2018,2396.35
3/26/2018,2395.23
3/27/2018,2394.68
3/28/2018,2394.03
3/29/2018,2393.84
3/30/2018,2392.77
3/31/2018,2392.77
4/1/2018,2392.77
4/2/2018,2392.45
4/3/2018,2391.64
4/4/2018,2390.79
4/5/2018,2391.14
4/6/2018,2391.58
4/7/2018,2391.58
4/8/2018,2391.58
4/9/2018,2391.46
4/10/2018,2391.45
4/11/2018,2392.76
4/12/2018,2392.93
4/13/2018,2393.93
4/14/2018,2393.93
4/15/2018,2393.93
4/16/2018,2396.68
4/17/2018,2394.17
4/18/2018,2394.15
4/19/2018,2393.52
4/20/2018,2394.96
4/21/2018,2394.96
4/22/2018,2394.96
4/23/2018,2395.9
4/24/2018,2397.07
4/25/2018,2397.82
4/26/2018,2398.64
4/27/2018,2401.65
4/28/2018,2401.65
4/29/2018,2401.65
4/30/2018,2402.86
5/1/2018,2402.14
5/2/2018,2402.67
5/3/2018,2402.19
5/4/2018,2402.6
5/5/2018,2402.6
5/6/2018,2402.6
5/7/2018,2402.1
5/8/2018,2402.94
5/9/2018,2402.06
5/10/2018,2401.85
5/11/2018,2401.46
5/12/2018,2401.46
5/13/2018,2401.46
5/14/2018,2400.49
5/15/2018,2401
5/16/2018,2401.3
5/17/2018,2404.05
5/18/2018,2405.65
5/19/2018,2405.65
5/20/2018,2405.65
5/21/2018,2405.92
5/22/2018,2408.41
5/23/2018,2410.95
5/24/2018,2411.51
5/25/2018,2410.82
5/26/2018,2410.82
5/27/2018,2410.82
5/28/2018,2410.38
5/29/2018,2410.07
5/30/2018,2409.04
5/31/2018,2409.8
6/1/2018,2409.8
6/2/2018,2409.8
6/3/2018,2409.8
6/4/2018,2409.73
6/5/2018,2409.95
6/6/2018,2411.27
6/7/2018,2412.04
6/8/2018,2412.8
6/9/2018,2412.8
6/10/2018,2412.8
6/11/2018,2414.29
6/12/2018,2414.45
6/13/2018,2414.54
6/14/2018,2415.21
6/15/2018,2418.64
6/16/2018,2418.64
6/17/2018,2418.64
6/18/2018,2423.66
6/19/2018,2426.54
6/20/2018,2441.23
6/21/2018,2450.98
6/22/2018,2454.05
6/23/2018,2454.05
6/24/2018,2454.05
6/25/2018,2460.9
6/26/2018,2464.61
6/27/2018,2464.44
6/28/2018,2463.29
6/29/2018,2462.82
6/30/2018,2462.82
7/1/2018,2462.82
7/2/2018,2462.78
7/3/2018,2462.84
7/4/2018,2463.15
7/5/2018,2463.46
7/6/2018,2463.31
7/7/2018,2463.31
7/8/2018,2463.31
7/9/2018,2463.2
7/10/2018,2461.66
7/11/2018,2461.66
7/12/2018,2461.66
7/13/2018,2461.66
7/14/2018,2461.66
7/15/2018,2461.66
7/16/2018,2461.6
7/17/2018,2461.17
7/18/2018,2461.2
7/19/2018,2461.28
7/20/2018,2461.66
7/21/2018,2461.66
7/22/2018,2461.66
7/23/2018,2463.24
7/24/2018,2463.02
7/25/2018,2464.84
7/26/2018,2464.05
7/27/2018,2464.44
7/28/2018,2464.44
7/29/2018,2464.44
7/30/2018,2463.61
7/31/2018,2463.25
8/1/2018,2462.51
8/2/2018,2460.57
8/3/2018,2457.53
8/4/2018,2457.53
8/5/2018,2457.53
8/6/2018,2456.45
8/7/2018,2456.05
8/8/2018,2455.5
8/9/2018,2455.7
8/10/2018,2455.99
8/11/2018,2455.99
8/12/2018,2455.99
8/13/2018,2458.22
8/14/2018,2458.64
8/15/2018,2460.07
8/16/2018,2463.71
8/17/2018,2464.56
8/18/2018,2464.56
8/19/2018,2464.56
8/20/2018,2467.76
8/21/2018,2468.94
8/22/2018,2468.38
8/23/2018,2469.36
8/24/2018,2469.79
8/25/2018,2469.79
8/26/2018,2469.79
8/27/2018,2472.18
8/28/2018,2472.73
8/29/2018,2473.65
8/30/2018,2473.43
8/31/2018,2472.99
9/1/2018,2472.99
9/2/2018,2472.99
9/3/2018,2473.44
9/4/2018,2473.83
9/5/2018,2475.52
9/6/2018,2476.24
9/7/2018,2479.46
9/8/2018,2479.46
9/9/2018,2479.46
9/10/2018,2480.81
9/11/2018,2483.89
9/12/2018,2487.13
9/13/2018,2493.35
9/14/2018,2497.65
9/15/2018,2497.65
9/16/2018,2497.65
9/17/2018,2500.82
9/18/2018,2503.41
9/19/2018,2511.22
9/20/2018,2515.22
9/21/2018,2521.27
9/22/2018,2521.27
9/23/2018,2521.27
9/24/2018,2523.1
9/25/2018,2533.95
9/26/2018,2538.38
9/27/2018,2545.29
9/28/2018,2552.13
9/29/2018,2552.13
9/30/2018,2552.13
10/1/2018,2550.04
10/2/2018,2564.4
10/3/2018,2567.26
10/4/2018,2568.08
10/5/2018,2567.15
10/6/2018,2567.15
10/7/2018,2567.15
10/8/2018,2566.33
10/9/2018,2565.99
10/10/2018,2564.87
10/11/2018,2563.77
10/12/2018,2563.84
10/13/2018,2563.84
10/14/2018,2563.84
10/15/2018,2564.65
10/16/2018,2564.9
10/17/2018,2564.9
10/18/2018,2562.9
10/19/2018,2564.24
10/20/2018,2564.24
10/21/2018,2564.24
10/22/2018,2563.79
10/23/2018,2563.78
10/24/2018,2563.67
10/25/2018,2563.66
10/26/2018,2563.94
10/27/2018,2563.94
10/28/2018,2563.94
10/29/2018,2564.15
10/30/2018,2564.55
10/31/2018,2564.44
11/1/2018,2564.89
11/2/2018,2565.74
11/3/2018,2565.74
11/4/2018,2565.74
11/5/2018,2565.9
11/6/2018,2565.73
11/11/2018,"2,566.89"
11/12/2018,"2,567.17"
11/13/2018,"2,568.67"
11/14/2018,"2,568.85"
11/15/2018,"2,569.63"
11/16/2018,"2,572.50"
11/17/2018,"2,574.65"
11/18/2018,"2,574.65"
11/19/2018,"2,577.23"
11/20/2018,"2,580.79"
11/21/2018,"2,586.33"
11/22/2018,"2,590.68"
11/23/2018,"2,596.89"
11/24/2018,"2,596.89"
11/25/2018,"2,596.89"
11/26/2018,"2,596.89"
11/27/2018,"2,603.25"
11/28/2018,"2,605.84"
11/29/2018,"2,618.94"
11/30/2018,"2,627.04"
12/1/2018,"2,627.04"
12/2/2018,"2,627.04"
12/3/2018,"2,632.53"
12/4/2018,"2,639.21"
12/5/2018,"2,634.19"
12/6/2018,"2,632.90"
12/7/2018,"2,634.50"
12/8/2018,"2,634.50"
12/9/2018,"2,634.50"
12/10/2018,"2,634.40"
12/11/2018,"2,634.26"
12/12/2018,"2,634.83"
12/13/2018,"2,635.00"
12/14/2018,"2,634.99"
12/15/2018,"2,634.99"
12/16/2018,"2,634.99"
12/17/2018,"2,635.88"
12/18/2018,"2,636.78"
12/19/2018,"2,636.67"
12/20/2018,"2,637.63"
12/21/2018,"2,638.03"
12/22/2018,"2,638.03"
12/23/2018,"2,638.03"
12/24/2018,"2,639.86"
12/25/2018,"2,642.01"
12/26/2018,"2,641.33"
12/27/2018,"2,642.81"
12/28/2018,"2,642.92"
12/29/2018,"2,642.92"
12/30/2018,"2,642.92"
12/31/2018,"2,643.69"
1/1/2019,"2,643.69"
1/2/2019,"2,648.02"
1/3/2019,"2,653.25"
1/4/2019,"2,650.55"
1/5/2019,"2,650.55"
1/6/2019,"2,650.55"
1/7/2019,"2,657.97"
1/8/2019,"2,663.98"
1/9/2019,"2,666.36"
1/10/2019,"2,666.72"
1/11/2019,"2,666.14"
1/12/2019,
1/13/2019,
1/14/2019,"2,665.73"
1/15/2019,"2,662.86"
1/16/2019,"2,660.12"
1/17/2019,"2,655.96"
1/18/2019,"2,650.55"
1/19/2019,"2,650.55"
1/20/2019,"2,650.55"
1/21/2019,"2,648.87"
1/22/2019,"2,646.30"
1/23/2019,"2,640.31"
1/24/2019,"2,636.00"
1/25/2019,"2,632.72"
1/26/2019,"2,632.72"
1/27/2019,"2,632.72"
1/28/2019,"2,631.65"
1/29/2019,"2,630.50"
1/30/2019,"2,629.69"
1/31/2019,"2,628.70"
2/1/2019,"2,629.76"
2/2/2019,"2,630.40"
2/3/2019,
2/4/2019,"2,630.93"
2/5/2019,"2,630.93"
2/6/2019,"2,630.93"
2/7/2019,"2,630.93"
2/8/2019,"2,630.93"
2/9/2019,"2,630.93"
2/10/2019,"2,630.93"
2/11/2019,"2,631.45"
2/12/2019,"2,631.58"
2/13/2019,"2,632.53"
2/14/2019,"2,632.52"
2/15/2019,"2,632.71"
2/16/2019,"2,632.71"
2/17/2019,"2,632.71"
2/18/2019,"2,633.79"
2/19/2019,"2,634.97"
2/20/2019,"2,635.25"
2/21/2019,"2,635.11"
2/22/2019,"2,635.29"
2/23/2019,"2,635.29"
2/24/2019,"2,635.29"
2/25/2019,"2,634.48"
2/26/2019,"2,635.80"
2/27/2019,"2,635.46"
2/28/2019,"2,635.33"
3/1/2019,"2,635.34"
3/2/2019,"2,635.34"
3/3/2019,"2,635.34"
3/4/2019,"2,634.79"
3/5/2019,"2,634.80"
3/6/2019,"2,634.44"
3/7/2019,"2,634.61"
3/8/2019,"2,634.61"
3/9/2019,"2,634.61"
3/10/2019,"2,634.61"
3/11/2019,"2,634.30"
3/12/2019,"2,632.80"
3/13/2019,"2,632.73"
3/14/2019,"2,631.00"
3/15/2019,"2,631.60"
3/16/2019,"2,631.60"
3/17/2019,"2,631.60"
3/18/2019,"2,631.54"
3/19/2019,"2,631.91"
3/20/2019,"2,631.41"
3/21/2019,"2,631.25"
3/22/2019,"2,630.86"
3/23/2019,"2,630.86"
3/24/2019,"2,630.86"
3/25/2019,"2,631.37"
3/26/2019,"2,631.17"
3/27/2019,"2,631.28"
3/28/2019,"2,631.53"
3/29/2019,"2,631.51"
3/30/2019,"2,631.51"
3/31/2019,"2,631.51"
4/1/2019,"2,631.43"
4/2/2019,"2,632.08"
4/3/2019,"2,632.00"
4/4/2019,"2,631.95"
4/5/2019,"2,631.58"
4/6/2019,"2,631.58"
4/7/2019,"2,631.58"
4/8/2019,"2,631.30"
4/9/2019,"2,631.64"
4/10/2019,"2,631.58"
4/11/2019,"2,631.93"
4/12/2019,"2,631.77"
4/13/2019,"2,631.77"
4/14/2019,"2,631.77"
4/15/2019,"2,632.18"
4/16/2019,"2,633.38"
4/17/2019,"2,635.13"
4/18/2019,"2,636.40"
4/19/2019,"2,635.94"
4/20/2019,"2,635.94"
4/21/2019,"2,635.94"
4/22/2019,"2,637.12"
4/23/2019,"2,638.33"
4/24/2019,"2,637.96"
4/25/2019,"2,639.99"
4/26/2019,"2,639.51"
4/27/2019,"2,639.51"
4/28/2019,"2,639.51"
4/29/2019,"2,642.42"
4/30/2019,"2,642.78"
5/1/2019,"2,643.07"
5/2/2019,"2,642.95"
5/3/2019,"2,641.58"
5/4/2019,"2,641.58"
5/5/2019,"2,641.58"
5/6/2019,"2,641.72"
5/7/2019,"2,642.23"
5/8/2019,"2,642.76"
5/9/2019,"2,642.43"
5/10/2019,"2,642.01"
5/11/2019,"2,642.01"
5/12/2019,"2,642.01"
5/13/2019,"2,642.70"
5/14/2019,"2,643.22"
5/15/2019,"2,644.04"
5/16/2019,"2,645.21"
5/17/2019,"2,646.21"
5/18/2019,"2,646.21"
5/19/2019,"2,646.21"
5/20/2019,"2,647.18"
5/21/2019,"2,647.76"
5/22/2019,"2,647.10"
5/23/2019,"2,647.34"
5/24/2019,"2,647.27"
5/25/2019,"2,647.27"
5/26/2019,"2,647.27"
5/27/2019,"2,647.69"
5/28/2019,"2,647.83"
5/29/2019,"2,648.29"
5/30/2019,"2,648.73"
5/31/2019,"2,649.35"
6/1/2019,"2,649.35"
6/2/2019,"2,649.35"
6/3/2019,"2,650.30"
6/4/2019,"2,650.87"
6/5/2019,"2,651.04"
6/6/2019,"2,651.72"
6/7/2019,"2,652.13"
6/8/2019,"2,652.13"
6/9/2019,"2,652.13"
6/10/2019,"2,651.87"
6/11/2019,"2,652.43"
6/12/2019,"2,653.14"
6/13/2019,"2,653.87"
6/14/2019,"2,654.41"
6/15/2019,"2,654.41"
6/16/2019,"2,654.41"
6/17/2019,"2,655.19"
6/18/2019,"2,656.05"
6/19/2019,"2,656.10"
6/20/2019,"2,656.18"
6/21/2019,"2,657.02"
6/22/2019,"2,657.02"
6/23/2019,"2,657.02"
6/24/2019,"2,657.31"
6/25/2019,"2,657.07"
6/26/2019,"2,657.51"
6/27/2019,"2,657.47"
6/28/2019,"2,657.76"
6/29/2019,"2,657.76"
6/30/2019,"2,657.76"
7/1/2019,"2,657.92"
7/2/2019,"2,658.24"
7/3/2019,"2,658.11"
7/4/2019,"2,658.65"
7/5/2019,"2,658.59"
7/6/2019,"2,658.59"
7/7/2019,"2,658.59"
7/8/2019,"2,659.07"
7/9/2019,"2,659.34"
7/10/2019,"2,659.50"
7/11/2019,"2,659.50"
7/12/2019,"2,659.50"
7/13/2019,"2,659.50"
7/14/2019,"2,659.50"
7/15/2019,"2,659.50"
7/16/2019,"2,660.69"
7/17/2019,"2,660.75"
7/18/2019,"2,662.10"
7/19/2019,"2,661.76"
7/20/2019,"2,661.76"
7/21/2019,"2,661.76"
7/22/2019,"2,662.90"
7/23/2019,"2,663.58"
7/24/2019,"2,663.67"
7/25/2019,"2,664.10"
7/26/2019,"2,665.32"
7/27/2019,"2,665.32"
7/28/2019,"2,665.32"
7/29/2019,"2,665.04"
7/30/2019,"2,665.62"
7/31/2019,"2,666.00"
8/1/2019,"2,666.50"
8/2/2019,"2,666.99"
8/3/2019,"2,666.99"
8/4/2019,"2,666.99"
8/5/2019,"2,665.00"
8/6/2019,"2,667.12"
8/7/2019,"2,665.94"
8/8/2019,"2,667.38"
8/9/2019,"2,668.86"
8/10/2019,"2,668.86"
8/11/2019,"2,668.86"
8/12/2019,"2,671.77"
8/13/2019,"2,671.77"
8/14/2019,"2,672.25"
8/15/2019,"2,672.30"
8/16/2019,"2,672.87"
8/17/2019,"2,672.87"
8/18/2019,"2,672.87"
8/19/2019,"2,672.73"
8/20/2019,"2,672.74"
8/21/2019,"2,673.17"
8/22/2019,"2,672.82"
8/23/2019,"2,671.55"
8/24/2019,"2,671.55"
8/25/2019,"2,671.55"
8/26/2019,"2,672.03"
8/27/2019,"2,672.39"
8/28/2019,"2,671.89"
8/29/2019,"2,671.81"
8/30/2019,"2,672.00"
8/31/2019,"2,672.00"
9/1/2019,"2,672.00"
9/2/2019,"2,671.81"
9/3/2019,"2,671.81"
9/4/2019,"2,671.53"
9/5/2019,"2,671.62"
9/6/2019,"2,671.79"
9/7/2019,"2,671.58"
9/8/2019,"2,671.58"
9/9/2019,"2,671.57"
9/10/2019,"2,671.25"
9/11/2019,"2,671.12"
9/12/2019,"2,670.65"
9/13/2019,"2,670.87"
9/14/2019,"2,670.87"
9/15/2019,"2,670.87"
9/16/2019,"2,670.51"
9/17/2019,"2,669.57"
9/18/2019,"2,669.02"
9/19/2019,"2,668.47"
9/20/2019,"2,667.91"
9/21/2019,"2,667.91"
9/22/2019,"2,667.91"
9/23/2019,"2,667.43"
9/24/2019,"2,666.66"
