concentration,aqi_mn,aqi_us
0,0,0
0.1,0,0
0.2,0,1
0.3,0,1
0.4,1,2
0.5,1,2
0.6,1,3
0.7,1,3
0.8,1,3
0.9,1,4
1,1,4
1.1,2,5
1.2,2,5
1.3,2,5
1.4,2,6
1.5,2,6
1.6,2,7
1.7,2,7
1.8,3,8
1.9,3,8
2,3,8
2.1,3,9
2.2,3,9
2.3,3,10
2.4,3,10
2.5,4,10
2.6,4,11
2.7,4,11
2.8,4,12
2.9,4,12
3,4,13
3.1,4,13
3.2,5,13
3.3,5,14
3.4,5,14
3.5,5,15
3.6,5,15
3.7,5,15
3.8,5,16
3.9,6,16
4,6,17
4.1,6,17
4.2,6,18
4.3,6,18
4.4,6,18
4.5,6,19
4.6,7,19
4.7,7,20
4.8,7,20
4.9,7,20
5,7,21
5.1,7,21
5.2,7,22
5.3,8,22
5.4,8,23
5.5,8,23
5.6,8,23
5.7,8,24
5.8,8,24
5.9,8,25
6,9,25
6.1,9,25
6.2,9,26
6.3,9,26
6.4,9,27
6.5,9,27
6.6,9,28
6.7,10,28
6.8,10,28
6.9,10,29
7,10,29
7.1,10,30
7.2,10,30
7.3,10,30
7.4,11,31
7.5,11,31
7.6,11,32
7.7,11,32
7.8,11,33
7.9,11,33
8,11,33
8.1,12,34
8.2,12,34
8.3,12,35
8.4,12,35
8.5,12,35
8.6,12,36
8.7,12,36
8.8,13,37
8.9,13,37
9,13,37
9.1,13,38
9.2,13,38
9.3,13,39
9.4,13,39
9.5,14,40
9.6,14,40
9.7,14,40
9.8,14,41
9.9,14,41
10,14,42
10.1,14,42
10.2,15,42
10.3,15,43
10.4,15,43
10.5,15,44
10.6,15,44
10.7,15,45
10.8,15,45
10.9,16,45
11,16,46
11.1,16,46
11.2,16,47
11.3,16,47
11.4,16,47
11.5,16,48
11.6,17,48
11.7,17,49
11.8,17,49
11.9,17,50
12,17,50
12.1,17,51
12.2,17,51
12.3,18,51
12.4,18,52
12.5,18,52
12.6,18,52
12.7,18,52
12.8,18,52
12.9,18,53
13,19,53
13.1,19,53
13.2,19,53
13.3,19,54
13.4,19,54
13.5,19,54
13.6,19,54
13.7,20,54
13.8,20,55
13.9,20,55
14,20,55
14.1,20,55
14.2,20,55
14.3,20,56
14.4,21,56
14.5,21,56
14.6,21,56
14.7,21,56
14.8,21,57
14.9,21,57
15,21,57
15.1,22,57
15.2,22,58
15.3,22,58
15.4,22,58
15.5,22,58
15.6,22,58
15.7,22,59
15.8,23,59
15.9,23,59
16,23,59
16.1,23,59
16.2,23,60
16.3,23,60
16.4,23,60
16.5,24,60
16.6,24,60
16.7,24,61
16.8,24,61
16.9,24,61
17,24,61
17.1,24,62
17.2,25,62
17.3,25,62
17.4,25,62
17.5,25,62
17.6,25,63
17.7,25,63
17.8,25,63
17.9,26,63
18,26,63
18.1,26,64
18.2,26,64
18.3,26,64
18.4,26,64
18.5,26,64
18.6,27,65
18.7,27,65
18.8,27,65
18.9,27,65
19,27,66
19.1,27,66
19.2,27,66
19.3,28,66
19.4,28,66
19.5,28,67
19.6,28,67
19.7,28,67
19.8,28,67
19.9,28,67
20,29,68
20.1,29,68
20.2,29,68
20.3,29,68
20.4,29,68
20.5,29,69
20.6,29,69
20.7,30,69
20.8,30,69
20.9,30,70
21,30,70
21.1,30,70
21.2,30,70
21.3,30,70
21.4,31,71
21.5,31,71
21.6,31,71
21.7,31,71
21.8,31,71
21.9,31,72
22,31,72
22.1,32,72
22.2,32,72
22.3,32,72
22.4,32,73
22.5,32,73
22.6,32,73
22.7,32,73
22.8,33,74
22.9,33,74
23,33,74
23.1,33,74
23.2,33,74
23.3,33,75
23.4,33,75
23.5,34,75
23.6,34,75
23.7,34,75
23.8,34,76
23.9,34,76
24,34,76
24.1,34,76
24.2,35,76
24.3,35,77
24.4,35,77
24.5,35,77
24.6,35,77
24.7,35,77
24.8,35,78
24.9,36,78
25,36,78
25.1,36,78
25.2,36,79
25.3,36,79
25.4,36,79
25.5,36,79
25.6,37,79
25.7,37,80
25.8,37,80
25.9,37,80
26,37,80
26.1,37,80
26.2,37,81
26.3,38,81
26.4,38,81
26.5,38,81
26.6,38,81
26.7,38,82
26.8,38,82
26.9,38,82
27,39,82
27.1,39,83
27.2,39,83
27.3,39,83
27.4,39,83
27.5,39,83
27.6,39,84
27.7,40,84
27.8,40,84
27.9,40,84
28,40,84
28.1,40,85
28.2,40,85
28.3,40,85
28.4,41,85
28.5,41,85
28.6,41,86
28.7,41,86
28.8,41,86
28.9,41,86
29,41,87
29.1,42,87
29.2,42,87
29.3,42,87
29.4,42,87
29.5,42,88
29.6,42,88
29.7,42,88
29.8,43,88
29.9,43,88
30,43,89
30.1,43,89
30.2,43,89
30.3,43,89
30.4,43,89
30.5,44,90
30.6,44,90
30.7,44,90
30.8,44,90
30.9,44,91
31,44,91
31.1,44,91
31.2,45,91
31.3,45,91
31.4,45,92
31.5,45,92
31.6,45,92
31.7,45,92
31.8,45,92
31.9,46,93
32,46,93
32.1,46,93
32.2,46,93
32.3,46,93
32.4,46,94
32.5,46,94
32.6,47,94
32.7,47,94
32.8,47,95
32.9,47,95
33,47,95
33.1,47,95
33.2,47,95
33.3,48,96
33.4,48,96
33.5,48,96
33.6,48,96
33.7,48,96
33.8,48,97
33.9,48,97
34,49,97
34.1,49,97
34.2,49,97
34.3,49,98
34.4,49,98
34.5,49,98
34.6,49,98
34.7,50,99
34.8,50,99
34.9,50,99
35,48,99
35.1,48,99
35.2,48,100
35.3,49,100
35.4,49,101
35.5,49,101
35.6,50,101
35.7,50,101
35.8,50,102
35.9,51,102
36,51,102
36.1,51,102
36.2,52,103
36.3,52,103
36.4,52,103
36.5,53,103
36.6,53,104
36.7,53,104
36.8,54,104
36.9,54,104
37,55,105
37.1,55,105
37.2,55,105
37.3,56,105
37.4,56,106
37.5,56,106
37.6,57,106
37.7,57,106
37.8,57,107
37.9,58,107
38,58,107
38.1,58,107
38.2,59,108
38.3,59,108
38.4,59,108
38.5,60,108
38.6,60,109
38.7,60,109
38.8,61,109
38.9,61,109
39,62,110
39.1,62,110
39.2,62,110
39.3,63,110
39.4,63,111
39.5,63,111
39.6,64,111
39.7,64,111
39.8,64,112
39.9,65,112
40,65,112
40.1,65,112
40.2,66,113
40.3,66,113
40.4,66,113
40.5,67,113
40.6,67,114
40.7,67,114
40.8,68,114
40.9,68,114
41,69,115
41.1,69,115
41.2,69,115
41.3,70,115
41.4,70,116
41.5,70,116
41.6,71,116
41.7,71,116
41.8,71,117
41.9,72,117
42,72,117
42.1,72,117
42.2,73,117
42.3,73,118
42.4,73,118
42.5,74,118
42.6,74,118
42.7,74,119
42.8,75,119
42.9,75,119
43,76,119
43.1,76,120
43.2,76,120
43.3,77,120
43.4,77,120
43.5,77,121
43.6,78,121
43.7,78,121
43.8,78,121
43.9,79,122
44,79,122
44.1,79,122
44.2,80,122
44.3,80,123
44.4,80,123
44.5,81,123
44.6,81,123
44.7,81,124
44.8,82,124
44.9,82,124
45,83,124
45.1,83,125
45.2,83,125
45.3,84,125
45.4,84,125
45.5,84,126
45.6,85,126
45.7,85,126
45.8,85,126
45.9,86,127
46,86,127
46.1,86,127
46.2,87,127
46.3,87,128
46.4,87,128
46.5,88,128
46.6,88,128
46.7,88,129
46.8,89,129
46.9,89,129
47,90,129
47.1,90,130
47.2,90,130
47.3,91,130
47.4,91,130
47.5,91,131
47.6,92,131
47.7,92,131
47.8,92,131
47.9,93,132
48,93,132
48.1,93,132
48.2,94,132
48.3,94,133
48.4,94,133
48.5,95,133
48.6,95,133
48.7,95,134
48.8,96,134
48.9,96,134
49,97,134
49.1,97,134
49.2,97,135
49.3,98,135
49.4,98,135
49.5,98,135
49.6,99,136
49.7,99,136
49.8,99,136
49.9,100,136
50,100,137
50.1,100,137
50.2,100,137
50.3,100,137
50.4,100,138
50.5,101,138
50.6,101,138
50.7,101,138
50.8,101,139
50.9,101,139
51,101,139
51.1,101,139
51.2,101,140
51.3,101,140
51.4,101,140
51.5,102,140
51.6,102,141
51.7,102,141
51.8,102,141
51.9,102,141
52,102,142
52.1,102,142
52.2,102,142
52.3,102,142
52.4,102,143
52.5,103,143
52.6,103,143
52.7,103,143
52.8,103,144
52.9,103,144
53,103,144
53.1,103,144
53.2,103,145
53.3,103,145
53.4,103,145
53.5,104,145
53.6,104,146
53.7,104,146
53.8,104,146
53.9,104,146
54,104,147
54.1,104,147
54.2,104,147
54.3,104,147
54.4,104,148
54.5,105,148
54.6,105,148
54.7,105,148
54.8,105,149
54.9,105,149
55,105,149
55.1,105,149
55.2,105,150
55.3,105,150
55.4,105,151
55.5,106,151
55.6,106,151
55.7,106,151
55.8,106,151
55.9,106,151
56,106,151
56.1,106,151
56.2,106,151
56.3,106,151
56.4,106,151
56.5,107,152
56.6,107,152
56.7,107,152
56.8,107,152
56.9,107,152
57,107,152
57.1,107,152
57.2,107,152
57.3,107,152
57.4,107,152
57.5,108,152
57.6,108,152
57.7,108,152
57.8,108,152
57.9,108,152
58,108,152
58.1,108,152
58.2,108,152
58.3,108,152
58.4,108,152
58.5,109,153
58.6,109,153
58.7,109,153
58.8,109,153
58.9,109,153
59,109,153
59.1,109,153
59.2,109,153
59.3,109,153
59.4,109,153
59.5,110,153
59.6,110,153
59.7,110,153
59.8,110,153
59.9,110,153
60,110,153
60.1,110,153
60.2,110,153
60.3,110,153
60.4,110,154
60.5,111,154
60.6,111,154
60.7,111,154
60.8,111,154
60.9,111,154
61,111,154
61.1,111,154
61.2,111,154
61.3,111,154
61.4,111,154
61.5,112,154
61.6,112,154
61.7,112,154
61.8,112,154
61.9,112,154
62,112,154
62.1,112,154
62.2,112,154
62.3,112,155
62.4,112,155
62.5,113,155
62.6,113,155
62.7,113,155
62.8,113,155
62.9,113,155
63,113,155
63.1,113,155
63.2,113,155
63.3,113,155
63.4,113,155
63.5,114,155
63.6,114,155
63.7,114,155
63.8,114,155
63.9,114,155
64,114,155
64.1,114,155
64.2,114,155
64.3,114,156
64.4,114,156
64.5,115,156
64.6,115,156
64.7,115,156
64.8,115,156
64.9,115,156
65,115,156
65.1,115,156
65.2,115,156
65.3,115,156
65.4,115,156
65.5,116,156
65.6,116,156
65.7,116,156
65.8,116,156
65.9,116,156
66,116,156
66.1,116,156
66.2,116,157
66.3,116,157
66.4,116,157
66.5,117,157
66.6,117,157
66.7,117,157
66.8,117,157
66.9,117,157
67,117,157
67.1,117,157
67.2,117,157
67.3,117,157
67.4,117,157
67.5,118,157
67.6,118,157
67.7,118,157
67.8,118,157
67.9,118,157
68,118,157
68.1,118,158
68.2,118,158
68.3,118,158
68.4,118,158
68.5,119,158
68.6,119,158
68.7,119,158
68.8,119,158
68.9,119,158
69,119,158
69.1,119,158
69.2,119,158
69.3,119,158
69.4,119,158
69.5,120,158
69.6,120,158
69.7,120,158
69.8,120,158
69.9,120,158
70,120,158
70.1,120,159
70.2,120,159
70.3,120,159
70.4,120,159
70.5,121,159
70.6,121,159
70.7,121,159
70.8,121,159
70.9,121,159
71,121,159
71.1,121,159
71.2,121,159
71.3,121,159
71.4,121,159
71.5,122,159
71.6,122,159
71.7,122,159
71.8,122,159
71.9,122,159
72,122,160
72.1,122,160
72.2,122,160
72.3,122,160
72.4,122,160
72.5,123,160
72.6,123,160
72.7,123,160
72.8,123,160
72.9,123,160
73,123,160
73.1,123,160
73.2,123,160
73.3,123,160
73.4,123,160
73.5,124,160
73.6,124,160
73.7,124,160
73.8,124,160
73.9,124,161
74,124,161
74.1,124,161
74.2,124,161
74.3,124,161
74.4,124,161
74.5,125,161
74.6,125,161
74.7,125,161
74.8,125,161
74.9,125,161
75,125,161
75.1,125,161
75.2,125,161
75.3,125,161
75.4,125,161
75.5,126,161
75.6,126,161
75.7,126,161
75.8,126,161
75.9,126,162
76,126,162
76.1,126,162
76.2,126,162
76.3,126,162
76.4,126,162
76.5,127,162
76.6,127,162
76.7,127,162
76.8,127,162
76.9,127,162
77,127,162
77.1,127,162
77.2,127,162
77.3,127,162
77.4,127,162
77.5,128,162
77.6,128,162
77.7,128,162
77.8,128,163
77.9,128,163
78,128,163
78.1,128,163
78.2,128,163
78.3,128,163
78.4,128,163
78.5,129,163
78.6,129,163
78.7,129,163
78.8,129,163
78.9,129,163
79,129,163
79.1,129,163
79.2,129,163
79.3,129,163
79.4,129,163
79.5,130,163
79.6,130,163
79.7,130,163
79.8,130,164
79.9,130,164
80,130,164
80.1,130,164
80.2,130,164
80.3,130,164
80.4,130,164
80.5,131,164
80.6,131,164
80.7,131,164
80.8,131,164
80.9,131,164
81,131,164
81.1,131,164
81.2,131,164
81.3,131,164
81.4,131,164
81.5,132,164
81.6,132,164
81.7,132,165
81.8,132,165
81.9,132,165
82,132,165
82.1,132,165
82.2,132,165
82.3,132,165
82.4,132,165
82.5,133,165
82.6,133,165
82.7,133,165
82.8,133,165
82.9,133,165
83,133,165
83.1,133,165
83.2,133,165
83.3,133,165
83.4,133,165
83.5,134,165
83.6,134,166
83.7,134,166
83.8,134,166
83.9,134,166
84,134,166
84.1,134,166
84.2,134,166
84.3,134,166
84.4,134,166
84.5,134,166
84.6,135,166
84.7,135,166
84.8,135,166
84.9,135,166
85,135,166
85.1,135,166
85.2,135,166
85.3,135,166
85.4,135,166
85.5,135,166
85.6,136,167
85.7,136,167
85.8,136,167
85.9,136,167
86,136,167
86.1,136,167
86.2,136,167
86.3,136,167
86.4,136,167
86.5,136,167
86.6,137,167
86.7,137,167
86.8,137,167
86.9,137,167
87,137,167
87.1,137,167
87.2,137,167
87.3,137,167
87.4,137,167
87.5,137,168
87.6,138,168
87.7,138,168
87.8,138,168
87.9,138,168
88,138,168
88.1,138,168
88.2,138,168
88.3,138,168
88.4,138,168
88.5,138,168
88.6,139,168
88.7,139,168
88.8,139,168
88.9,139,168
89,139,168
89.1,139,168
89.2,139,168
89.3,139,168
89.4,139,169
89.5,139,169
89.6,140,169
89.7,140,169
89.8,140,169
89.9,140,169
90,140,169
90.1,140,169
90.2,140,169
90.3,140,169
90.4,140,169
90.5,140,169
90.6,141,169
90.7,141,169
90.8,141,169
90.9,141,169
91,141,169
91.1,141,169
91.2,141,169
91.3,141,169
91.4,141,170
91.5,141,170
91.6,142,170
91.7,142,170
91.8,142,170
91.9,142,170
92,142,170
92.1,142,170
92.2,142,170
92.3,142,170
92.4,142,170
92.5,142,170
92.6,143,170
92.7,143,170
92.8,143,170
92.9,143,170
93,143,170
93.1,143,170
93.2,143,170
93.3,143,171
93.4,143,171
93.5,143,171
93.6,144,171
93.7,144,171
93.8,144,171
93.9,144,171
94,144,171
94.1,144,171
94.2,144,171
94.3,144,171
94.4,144,171
94.5,144,171
94.6,145,171
94.7,145,171
94.8,145,171
94.9,145,171
95,145,171
95.1,145,171
95.2,145,171
95.3,145,172
95.4,145,172
95.5,145,172
95.6,146,172
95.7,146,172
95.8,146,172
95.9,146,172
96,146,172
96.1,146,172
96.2,146,172
96.3,146,172
96.4,146,172
96.5,146,172
96.6,147,172
96.7,147,172
96.8,147,172
96.9,147,172
97,147,172
97.1,147,172
97.2,147,173
97.3,147,173
97.4,147,173
97.5,147,173
97.6,148,173
97.7,148,173
97.8,148,173
97.9,148,173
98,148,173
98.1,148,173
98.2,148,173
98.3,148,173
98.4,148,173
98.5,148,173
98.6,149,173
98.7,149,173
98.8,149,173
98.9,149,173
99,149,173
99.1,149,174
99.2,149,174
99.3,149,174
99.4,149,174
99.5,149,174
99.6,150,174
99.7,150,174
99.8,150,174
99.9,150,174
100,150,174
100.1,150,174
100.2,150,174
100.3,150,174
100.4,150,174
100.5,150,174
100.6,151,174
100.7,151,174
100.8,151,174
100.9,151,174
101,151,174
101.1,151,175
101.2,151,175
101.3,151,175
101.4,151,175
101.5,151,175
101.6,152,175
101.7,152,175
101.8,152,175
101.9,152,175
102,152,175
102.1,152,175
102.2,152,175
102.3,152,175
102.4,152,175
102.5,152,175
102.6,153,175
102.7,153,175
102.8,153,175
102.9,153,175
103,153,176
103.1,153,176
103.2,153,176
103.3,153,176
103.4,153,176
103.5,153,176
103.6,154,176
103.7,154,176
103.8,154,176
103.9,154,176
104,154,176
104.1,154,176
104.2,154,176
104.3,154,176
104.4,154,176
104.5,154,176
104.6,155,176
104.7,155,176
104.8,155,176
104.9,155,177
105,155,177
105.1,155,177
105.2,155,177
105.3,155,177
105.4,155,177
105.5,155,177
105.6,156,177
105.7,156,177
105.8,156,177
105.9,156,177
106,156,177
106.1,156,177
106.2,156,177
106.3,156,177
106.4,156,177
106.5,156,177
106.6,157,177
106.7,157,177
106.8,157,177
106.9,157,178
107,157,178
107.1,157,178
107.2,157,178
107.3,157,178
107.4,157,178
107.5,157,178
107.6,158,178
107.7,158,178
107.8,158,178
107.9,158,178
108,158,178
108.1,158,178
108.2,158,178
108.3,158,178
108.4,158,178
108.5,158,178
108.6,159,178
108.7,159,178
108.8,159,179
108.9,159,179
109,159,179
109.1,159,179
109.2,159,179
109.3,159,179
109.4,159,179
109.5,159,179
109.6,160,179
109.7,160,179
109.8,160,179
109.9,160,179
110,160,179
110.1,160,179
110.2,160,179
110.3,160,179
110.4,160,179
110.5,160,179
110.6,161,179
110.7,161,180
110.8,161,180
110.9,161,180
111,161,180
111.1,161,180
111.2,161,180
111.3,161,180
111.4,161,180
111.5,161,180
111.6,162,180
111.7,162,180
111.8,162,180
111.9,162,180
112,162,180
112.1,162,180
112.2,162,180
112.3,162,180
112.4,162,180
112.5,162,180
112.6,163,180
112.7,163,181
112.8,163,181
112.9,163,181
113,163,181
113.1,163,181
113.2,163,181
113.3,163,181
113.4,163,181
113.5,163,181
113.6,164,181
113.7,164,181
113.8,164,181
113.9,164,181
114,164,181
114.1,164,181
114.2,164,181
114.3,164,181
114.4,164,181
114.5,164,181
114.6,165,182
114.7,165,182
114.8,165,182
114.9,165,182
115,165,182
115.1,165,182
115.2,165,182
115.3,165,182
115.4,165,182
115.5,165,182
115.6,166,182
115.7,166,182
115.8,166,182
115.9,166,182
116,166,182
116.1,166,182
116.2,166,182
116.3,166,182
116.4,166,182
116.5,166,182
116.6,167,183
116.7,167,183
116.8,167,183
116.9,167,183
117,167,183
117.1,167,183
117.2,167,183
117.3,167,183
117.4,167,183
117.5,167,183
117.6,168,183
117.7,168,183
117.8,168,183
117.9,168,183
118,168,183
118.1,168,183
118.2,168,183
118.3,168,183
118.4,168,183
118.5,168,184
118.6,169,184
118.7,169,184
118.8,169,184
118.9,169,184
119,169,184
119.1,169,184
119.2,169,184
119.3,169,184
119.4,169,184
119.5,169,184
119.6,170,184
119.7,170,184
119.8,170,184
119.9,170,184
120,170,184
120.1,170,184
120.2,170,184
120.3,170,184
120.4,170,185
120.5,170,185
120.6,171,185
120.7,171,185
120.8,171,185
120.9,171,185
121,171,185
121.1,171,185
121.2,171,185
121.3,171,185
121.4,171,185
121.5,171,185
121.6,172,185
121.7,172,185
121.8,172,185
121.9,172,185
122,172,185
122.1,172,185
122.2,172,185
122.3,172,185
122.4,172,186
122.5,172,186
122.6,173,186
122.7,173,186
122.8,173,186
122.9,173,186
123,173,186
123.1,173,186
123.2,173,186
123.3,173,186
123.4,173,186
123.5,173,186
123.6,174,186
123.7,174,186
123.8,174,186
123.9,174,186
124,174,186
124.1,174,186
124.2,174,186
124.3,174,187
124.4,174,187
124.5,174,187
124.6,175,187
124.7,175,187
124.8,175,187
124.9,175,187
125,175,187
125.1,175,187
125.2,175,187
125.3,175,187
125.4,175,187
125.5,175,187
125.6,176,187
125.7,176,187
125.8,176,187
125.9,176,187
126,176,187
126.1,176,187
126.2,176,188
126.3,176,188
126.4,176,188
126.5,176,188
126.6,177,188
126.7,177,188
126.8,177,188
126.9,177,188
127,177,188
127.1,177,188
127.2,177,188
127.3,177,188
127.4,177,188
127.5,177,188
127.6,178,188
127.7,178,188
127.8,178,188
127.9,178,188
128,178,188
128.1,178,188
128.2,178,189
128.3,178,189
128.4,178,189
128.5,178,189
128.6,179,189
128.7,179,189
128.8,179,189
128.9,179,189
129,179,189
129.1,179,189
129.2,179,189
129.3,179,189
129.4,179,189
129.5,179,189
129.6,180,189
129.7,180,189
129.8,180,189
129.9,180,189
130,180,189
130.1,180,190
130.2,180,190
130.3,180,190
130.4,180,190
130.5,180,190
130.6,181,190
130.7,181,190
130.8,181,190
130.9,181,190
131,181,190
131.1,181,190
131.2,181,190
131.3,181,190
131.4,181,190
131.5,181,190
131.6,182,190
131.7,182,190
131.8,182,190
131.9,182,190
132,182,190
132.1,182,191
132.2,182,191
132.3,182,191
132.4,182,191
132.5,182,191
132.6,183,191
132.7,183,191
132.8,183,191
132.9,183,191
133,183,191
133.1,183,191
133.2,183,191
133.3,183,191
133.4,183,191
133.5,183,191
133.6,184,191
133.7,184,191
133.8,184,191
133.9,184,191
134,184,192
134.1,184,192
134.2,184,192
134.3,184,192
134.4,184,192
134.5,184,192
134.6,185,192
134.7,185,192
134.8,185,192
134.9,185,192
135,185,192
135.1,185,192
135.2,185,192
135.3,185,192
135.4,185,192
135.5,185,192
135.6,186,192
135.7,186,192
135.8,186,192
135.9,186,193
136,186,193
136.1,186,193
136.2,186,193
136.3,186,193
136.4,186,193
136.5,186,193
136.6,187,193
136.7,187,193
136.8,187,193
136.9,187,193
137,187,193
137.1,187,193
137.2,187,193
137.3,187,193
137.4,187,193
137.5,187,193
137.6,188,193
137.7,188,193
137.8,188,193
137.9,188,194
138,188,194
138.1,188,194
138.2,188,194
138.3,188,194
138.4,188,194
138.5,188,194
138.6,189,194
138.7,189,194
138.8,189,194
138.9,189,194
139,189,194
139.1,189,194
139.2,189,194
139.3,189,194
139.4,189,194
139.5,189,194
139.6,190,194
139.7,190,194
139.8,190,195
139.9,190,195
140,190,195
140.1,190,195
140.2,190,195
140.3,190,195
140.4,190,195
140.5,190,195
140.6,191,195
140.7,191,195
140.8,191,195
140.9,191,195
141,191,195
141.1,191,195
141.2,191,195
141.3,191,195
141.4,191,195
141.5,191,195
141.6,192,195
141.7,192,196
141.8,192,196
141.9,192,196
142,192,196
142.1,192,196
142.2,192,196
142.3,192,196
142.4,192,196
142.5,192,196
142.6,193,196
142.7,193,196
142.8,193,196
142.9,193,196
143,193,196
143.1,193,196
143.2,193,196
143.3,193,196
143.4,193,196
143.5,193,196
143.6,194,196
143.7,194,197
143.8,194,197
143.9,194,197
144,194,197
144.1,194,197
144.2,194,197
144.3,194,197
144.4,194,197
144.5,194,197
144.6,195,197
144.7,195,197
144.8,195,197
144.9,195,197
145,195,197
145.1,195,197
145.2,195,197
145.3,195,197
145.4,195,197
145.5,195,197
145.6,196,198
145.7,196,198
145.8,196,198
145.9,196,198
146,196,198
146.1,196,198
146.2,196,198
146.3,196,198
146.4,196,198
146.5,196,198
146.6,197,198
146.7,197,198
146.8,197,198
146.9,197,198
147,197,198
147.1,197,198
147.2,197,198
147.3,197,198
147.4,197,198
147.5,197,199
147.6,198,199
147.7,198,199
147.8,198,199
147.9,198,199
148,198,199
148.1,198,199
148.2,198,199
148.3,198,199
148.4,198,199
148.5,198,199
148.6,199,199
148.7,199,199
148.8,199,199
148.9,199,199
149,199,199
149.1,199,199
149.2,199,199
149.3,199,199
149.4,199,199
149.5,199,200
149.6,200,200
149.7,200,200
149.8,200,200
149.9,200,200
150,200,200
150.1,200,200
150.2,200,200
150.3,200,200
150.4,200,200
150.5,200,201
150.6,201,201
150.7,201,201
150.8,201,201
150.9,201,201
151,201,201
151.1,201,202
151.2,201,202
151.3,201,202
151.4,201,202
151.5,201,202
151.6,202,202
151.7,202,202
151.8,202,202
151.9,202,202
152,202,202
152.1,202,203
152.2,202,203
152.3,202,203
152.4,202,203
152.5,202,203
152.6,203,203
152.7,203,203
152.8,203,203
152.9,203,203
153,203,203
153.1,203,204
153.2,203,204
153.3,203,204
153.4,203,204
153.5,203,204
153.6,204,204
153.7,204,204
153.8,204,204
153.9,204,204
154,204,204
154.1,204,205
154.2,204,205
154.3,204,205
154.4,204,205
154.5,204,205
154.6,205,205
154.7,205,205
154.8,205,205
154.9,205,205
155,205,205
155.1,205,206
155.2,205,206
155.3,205,206
155.4,205,206
155.5,205,206
155.6,206,206
155.7,206,206
155.8,206,206
155.9,206,206
156,206,206
156.1,206,207
156.2,206,207
156.3,206,207
156.4,206,207
156.5,206,207
156.6,207,207
156.7,207,207
156.8,207,207
156.9,207,207
157,207,207
157.1,207,208
157.2,207,208
157.3,207,208
157.4,207,208
157.5,207,208
157.6,208,208
157.7,208,208
157.8,208,208
157.9,208,208
158,208,208
158.1,208,209
158.2,208,209
158.3,208,209
158.4,208,209
158.5,208,209
158.6,209,209
158.7,209,209
158.8,209,209
158.9,209,209
159,209,209
159.1,209,210
159.2,209,210
159.3,209,210
159.4,209,210
159.5,209,210
159.6,210,210
159.7,210,210
159.8,210,210
159.9,210,210
160,210,210
160.1,210,211
160.2,210,211
160.3,210,211
160.4,210,211
160.5,210,211
160.6,211,211
160.7,211,211
160.8,211,211
160.9,211,211
161,211,211
161.1,211,212
161.2,211,212
161.3,211,212
161.4,211,212
161.5,211,212
161.6,212,212
161.7,212,212
161.8,212,212
161.9,212,212
162,212,212
162.1,212,212
162.2,212,213
162.3,212,213
162.4,212,213
162.5,212,213
162.6,213,213
162.7,213,213
162.8,213,213
162.9,213,213
163,213,213
163.1,213,213
163.2,213,214
163.3,213,214
163.4,213,214
163.5,213,214
163.6,214,214
163.7,214,214
163.8,214,214
163.9,214,214
164,214,214
164.1,214,214
164.2,214,215
164.3,214,215
164.4,214,215
164.5,214,215
164.6,215,215
164.7,215,215
164.8,215,215
164.9,215,215
165,215,215
165.1,215,215
165.2,215,216
165.3,215,216
165.4,215,216
165.5,215,216
165.6,216,216
165.7,216,216
165.8,216,216
165.9,216,216
166,216,216
166.1,216,216
166.2,216,217
166.3,216,217
166.4,216,217
166.5,216,217
166.6,217,217
166.7,217,217
166.8,217,217
166.9,217,217
167,217,217
167.1,217,217
167.2,217,218
167.3,217,218
167.4,217,218
167.5,217,218
167.6,218,218
167.7,218,218
167.8,218,218
167.9,218,218
168,218,218
168.1,218,218
168.2,218,219
168.3,218,219
168.4,218,219
168.5,218,219
168.6,219,219
168.7,219,219
168.8,219,219
168.9,219,219
169,219,219
169.1,219,219
169.2,219,220
169.3,219,220
169.4,219,220
169.5,219,220
169.6,220,220
169.7,220,220
169.8,220,220
169.9,220,220
170,220,220
170.1,220,220
170.2,220,221
170.3,220,221
170.4,220,221
170.5,220,221
170.6,221,221
170.7,221,221
170.8,221,221
170.9,221,221
171,221,221
171.1,221,221
171.2,221,222
171.3,221,222
171.4,221,222
171.5,221,222
171.6,222,222
171.7,222,222
171.8,222,222
171.9,222,222
172,222,222
172.1,222,222
172.2,222,223
172.3,222,223
172.4,222,223
172.5,222,223
172.6,223,223
172.7,223,223
172.8,223,223
172.9,223,223
173,223,223
173.1,223,223
173.2,223,223
173.3,223,224
173.4,223,224
173.5,223,224
173.6,224,224
173.7,224,224
173.8,224,224
173.9,224,224
174,224,224
174.1,224,224
174.2,224,224
174.3,224,225
174.4,224,225
174.5,224,225
174.6,225,225
174.7,225,225
174.8,225,225
174.9,225,225
175,225,225
175.1,225,225
175.2,225,225
175.3,225,226
175.4,225,226
175.5,225,226
175.6,226,226
175.7,226,226
175.8,226,226
175.9,226,226
176,226,226
176.1,226,226
176.2,226,226
176.3,226,227
176.4,226,227
176.5,226,227
176.6,227,227
176.7,227,227
176.8,227,227
176.9,227,227
177,227,227
177.1,227,227
177.2,227,227
177.3,227,228
177.4,227,228
177.5,227,228
177.6,228,228
177.7,228,228
177.8,228,228
177.9,228,228
178,228,228
178.1,228,228
178.2,228,228
178.3,228,229
178.4,228,229
178.5,228,229
178.6,229,229
178.7,229,229
178.8,229,229
178.9,229,229
179,229,229
179.1,229,229
179.2,229,229
179.3,229,230
179.4,229,230
179.5,229,230
179.6,230,230
179.7,230,230
179.8,230,230
179.9,230,230
180,230,230
180.1,230,230
180.2,230,230
180.3,230,231
180.4,230,231
180.5,230,231
180.6,231,231
180.7,231,231
180.8,231,231
180.9,231,231
181,231,231
181.1,231,231
181.2,231,231
181.3,231,232
181.4,231,232
181.5,231,232
181.6,232,232
181.7,232,232
181.8,232,232
181.9,232,232
182,232,232
182.1,232,232
182.2,232,232
182.3,232,233
182.4,232,233
182.5,232,233
182.6,233,233
182.7,233,233
182.8,233,233
182.9,233,233
183,233,233
183.1,233,233
183.2,233,233
183.3,233,234
183.4,233,234
183.5,233,234
183.6,234,234
183.7,234,234
183.8,234,234
183.9,234,234
184,234,234
184.1,234,234
184.2,234,234
184.3,234,234
184.4,234,235
184.5,234,235
184.6,235,235
184.7,235,235
184.8,235,235
184.9,235,235
185,235,235
185.1,235,235
185.2,235,235
185.3,235,235
185.4,235,236
185.5,235,236
185.6,236,236
185.7,236,236
185.8,236,236
185.9,236,236
186,236,236
186.1,236,236
186.2,236,236
186.3,236,236
186.4,236,237
186.5,236,237
186.6,237,237
186.7,237,237
186.8,237,237
186.9,237,237
187,237,237
187.1,237,237
187.2,237,237
187.3,237,237
187.4,237,238
187.5,237,238
187.6,238,238
187.7,238,238
187.8,238,238
187.9,238,238
188,238,238
188.1,238,238
188.2,238,238
188.3,238,238
188.4,238,239
188.5,238,239
188.6,239,239
188.7,239,239
188.8,239,239
188.9,239,239
189,239,239
189.1,239,239
189.2,239,239
189.3,239,239
189.4,239,240
189.5,239,240
189.6,240,240
189.7,240,240
189.8,240,240
189.9,240,240
190,240,240
190.1,240,240
190.2,240,240
190.3,240,240
190.4,240,241
190.5,240,241
190.6,241,241
190.7,241,241
190.8,241,241
190.9,241,241
191,241,241
191.1,241,241
191.2,241,241
191.3,241,241
191.4,241,242
191.5,241,242
191.6,242,242
191.7,242,242
191.8,242,242
191.9,242,242
192,242,242
192.1,242,242
192.2,242,242
192.3,242,242
192.4,242,243
192.5,242,243
192.6,243,243
192.7,243,243
192.8,243,243
192.9,243,243
193,243,243
193.1,243,243
193.2,243,243
193.3,243,243
193.4,243,244
193.5,243,244
193.6,244,244
193.7,244,244
193.8,244,244
193.9,244,244
194,244,244
194.1,244,244
194.2,244,244
194.3,244,244
194.4,244,245
194.5,244,245
194.6,245,245
194.7,245,245
194.8,245,245
194.9,245,245
195,245,245
195.1,245,245
195.2,245,245
195.3,245,245
195.4,245,245
195.5,245,246
195.6,246,246
195.7,246,246
195.8,246,246
195.9,246,246
196,246,246
196.1,246,246
196.2,246,246
196.3,246,246
196.4,246,246
196.5,246,247
196.6,247,247
196.7,247,247
196.8,247,247
196.9,247,247
197,247,247
197.1,247,247
197.2,247,247
197.3,247,247
197.4,247,247
197.5,247,248
197.6,248,248
197.7,248,248
197.8,248,248
197.9,248,248
198,248,248
198.1,248,248
198.2,248,248
198.3,248,248
198.4,248,248
198.5,248,249
198.6,249,249
198.7,249,249
198.8,249,249
198.9,249,249
199,249,249
199.1,249,249
199.2,249,249
199.3,249,249
199.4,249,249
199.5,249,250
199.6,250,250
199.7,250,250
199.8,250,250
199.9,250,250
200,250,250
200.1,250,250
200.2,250,250
200.3,250,250
200.4,250,250
200.5,250,251
200.6,251,251
200.7,251,251
200.8,251,251
200.9,251,251
201,251,251
201.1,251,251
201.2,251,251
201.3,251,251
201.4,251,251
201.5,251,252
201.6,252,252
201.7,252,252
201.8,252,252
201.9,252,252
202,252,252
202.1,252,252
202.2,252,252
202.3,252,252
202.4,252,252
202.5,252,253
202.6,253,253
202.7,253,253
202.8,253,253
202.9,253,253
203,253,253
203.1,253,253
203.2,253,253
203.3,253,253
203.4,253,253
203.5,253,254
203.6,254,254
203.7,254,254
203.8,254,254
203.9,254,254
204,254,254
204.1,254,254
204.2,254,254
204.3,254,254
204.4,254,254
204.5,254,255
204.6,255,255
204.7,255,255
204.8,255,255
204.9,255,255
205,255,255
205.1,255,255
205.2,255,255
205.3,255,255
205.4,255,255
205.5,255,256
205.6,256,256
205.7,256,256
205.8,256,256
205.9,256,256
206,256,256
206.1,256,256
206.2,256,256
206.3,256,256
206.4,256,256
206.5,256,256
206.6,257,257
206.7,257,257
206.8,257,257
206.9,257,257
207,257,257
207.1,257,257
207.2,257,257
207.3,257,257
207.4,257,257
207.5,257,257
207.6,258,258
207.7,258,258
207.8,258,258
207.9,258,258
208,258,258
208.1,258,258
208.2,258,258
208.3,258,258
208.4,258,258
208.5,258,258
208.6,259,259
208.7,259,259
208.8,259,259
208.9,259,259
209,259,259
209.1,259,259
209.2,259,259
209.3,259,259
209.4,259,259
209.5,259,259
209.6,260,260
209.7,260,260
209.8,260,260
209.9,260,260
210,260,260
210.1,260,260
210.2,260,260
210.3,260,260
210.4,260,260
210.5,260,260
210.6,261,261
210.7,261,261
210.8,261,261
210.9,261,261
211,261,261
211.1,261,261
211.2,261,261
211.3,261,261
211.4,261,261
211.5,261,261
211.6,262,262
211.7,262,262
211.8,262,262
211.9,262,262
212,262,262
212.1,262,262
212.2,262,262
212.3,262,262
212.4,262,262
212.5,262,262
212.6,263,263
212.7,263,263
212.8,263,263
212.9,263,263
213,263,263
213.1,263,263
213.2,263,263
213.3,263,263
213.4,263,263
213.5,263,263
213.6,264,264
213.7,264,264
213.8,264,264
213.9,264,264
214,264,264
214.1,264,264
214.2,264,264
214.3,264,264
214.4,264,264
214.5,264,264
214.6,265,265
214.7,265,265
214.8,265,265
214.9,265,265
215,265,265
215.1,265,265
215.2,265,265
215.3,265,265
215.4,265,265
215.5,265,265
215.6,266,266
215.7,266,266
215.8,266,266
215.9,266,266
216,266,266
216.1,266,266
216.2,266,266
216.3,266,266
216.4,266,266
216.5,266,266
216.6,267,267
216.7,267,267
216.8,267,267
216.9,267,267
217,267,267
217.1,267,267
217.2,267,267
217.3,267,267
217.4,267,267
217.5,267,267
217.6,268,267
217.7,268,268
217.8,268,268
217.9,268,268
218,268,268
218.1,268,268
218.2,268,268
218.3,268,268
218.4,268,268
218.5,268,268
218.6,269,268
218.7,269,269
218.8,269,269
218.9,269,269
219,269,269
219.1,269,269
219.2,269,269
219.3,269,269
219.4,269,269
219.5,269,269
219.6,270,269
219.7,270,270
219.8,270,270
219.9,270,270
220,270,270
220.1,270,270
220.2,270,270
220.3,270,270
220.4,270,270
220.5,270,270
220.6,271,270
220.7,271,271
220.8,271,271
220.9,271,271
221,271,271
221.1,271,271
221.2,271,271
221.3,271,271
221.4,271,271
221.5,271,271
221.6,272,271
221.7,272,272
221.8,272,272
221.9,272,272
222,272,272
222.1,272,272
222.2,272,272
222.3,272,272
222.4,272,272
222.5,272,272
222.6,273,272
222.7,273,273
222.8,273,273
222.9,273,273
223,273,273
223.1,273,273
223.2,273,273
223.3,273,273
223.4,273,273
223.5,273,273
223.6,274,273
223.7,274,274
223.8,274,274
223.9,274,274
224,274,274
224.1,274,274
224.2,274,274
224.3,274,274
224.4,274,274
224.5,274,274
224.6,275,274
224.7,275,275
224.8,275,275
224.9,275,275
225,275,275
225.1,275,275
225.2,275,275
225.3,275,275
225.4,275,275
225.5,275,275
225.6,276,275
225.7,276,276
225.8,276,276
225.9,276,276
226,276,276
226.1,276,276
226.2,276,276
226.3,276,276
226.4,276,276
226.5,276,276
226.6,277,276
226.7,277,277
226.8,277,277
226.9,277,277
227,277,277
227.1,277,277
227.2,277,277
227.3,277,277
227.4,277,277
227.5,277,277
227.6,278,277
227.7,278,278
227.8,278,278
227.9,278,278
228,278,278
228.1,278,278
228.2,278,278
228.3,278,278
228.4,278,278
228.5,278,278
228.6,279,278
228.7,279,278
228.8,279,279
228.9,279,279
229,279,279
229.1,279,279
229.2,279,279
229.3,279,279
229.4,279,279
229.5,279,279
229.6,280,279
229.7,280,279
229.8,280,280
229.9,280,280
230,280,280
230.1,280,280
230.2,280,280
230.3,280,280
230.4,280,280
230.5,280,280
230.6,281,280
230.7,281,280
230.8,281,281
230.9,281,281
231,281,281
231.1,281,281
231.2,281,281
231.3,281,281
231.4,281,281
231.5,281,281
231.6,282,281
231.7,282,281
231.8,282,282
231.9,282,282
232,282,282
232.1,282,282
232.2,282,282
232.3,282,282
232.4,282,282
232.5,282,282
232.6,283,282
232.7,283,282
232.8,283,283
232.9,283,283
233,283,283
233.1,283,283
233.2,283,283
233.3,283,283
233.4,283,283
233.5,283,283
233.6,284,283
233.7,284,283
233.8,284,284
233.9,284,284
234,284,284
234.1,284,284
234.2,284,284
234.3,284,284
234.4,284,284
234.5,284,284
234.6,285,284
234.7,285,284
234.8,285,285
234.9,285,285
235,285,285
235.1,285,285
235.2,285,285
235.3,285,285
235.4,285,285
235.5,285,285
235.6,286,285
235.7,286,285
235.8,286,286
235.9,286,286
236,286,286
236.1,286,286
236.2,286,286
236.3,286,286
236.4,286,286
236.5,286,286
236.6,287,286
236.7,287,286
236.8,287,287
236.9,287,287
237,287,287
237.1,287,287
237.2,287,287
237.3,287,287
237.4,287,287
237.5,287,287
237.6,288,287
237.7,288,287
237.8,288,288
237.9,288,288
238,288,288
238.1,288,288
238.2,288,288
238.3,288,288
238.4,288,288
238.5,288,288
238.6,289,288
238.7,289,288
238.8,289,289
238.9,289,289
239,289,289
239.1,289,289
239.2,289,289
239.3,289,289
239.4,289,289
239.5,289,289
239.6,290,289
239.7,290,289
239.8,290,289
239.9,290,290
240,290,290
240.1,290,290
240.2,290,290
240.3,290,290
240.4,290,290
240.5,290,290
240.6,291,290
240.7,291,290
240.8,291,290
240.9,291,291
241,291,291
241.1,291,291
241.2,291,291
241.3,291,291
241.4,291,291
241.5,291,291
241.6,292,291
241.7,292,291
241.8,292,291
241.9,292,292
242,292,292
242.1,292,292
242.2,292,292
242.3,292,292
242.4,292,292
242.5,292,292
242.6,293,292
242.7,293,292
242.8,293,292
242.9,293,293
243,293,293
243.1,293,293
243.2,293,293
243.3,293,293
243.4,293,293
243.5,293,293
243.6,294,293
243.7,294,293
243.8,294,293
243.9,294,294
244,294,294
244.1,294,294
244.2,294,294
244.3,294,294
244.4,294,294
244.5,294,294
244.6,295,294
244.7,295,294
244.8,295,294
244.9,295,295
245,295,295
245.1,295,295
245.2,295,295
245.3,295,295
245.4,295,295
245.5,295,295
245.6,296,295
245.7,296,295
245.8,296,295
245.9,296,296
246,296,296
246.1,296,296
246.2,296,296
246.3,296,296
246.4,296,296
246.5,296,296
246.6,297,296
246.7,297,296
246.8,297,296
246.9,297,297
247,297,297
247.1,297,297
247.2,297,297
247.3,297,297
247.4,297,297
247.5,297,297
247.6,298,297
247.7,298,297
247.8,298,297
247.9,298,298
248,298,298
248.1,298,298
248.2,298,298
248.3,298,298
248.4,298,298
248.5,298,298
248.6,299,298
248.7,299,298
248.8,299,298
248.9,299,299
249,299,299
249.1,299,299
249.2,299,299
249.3,299,299
249.4,299,299
249.5,299,299
249.6,300,299
249.7,300,299
249.8,300,299
249.9,300,300
250,300,300
250.1,300,300
250.2,300,300
250.3,300,300
250.4,300,300
250.5,300,301
250.6,301,301
250.7,301,301
250.8,301,301
250.9,301,301
251,301,301
251.1,301,301
251.2,301,302
251.3,301,302
251.4,301,302
251.5,301,302
251.6,302,302
251.7,302,302
251.8,302,302
251.9,302,302
252,302,302
252.1,302,302
252.2,302,302
252.3,302,302
252.4,302,303
252.5,302,303
252.6,303,303
252.7,303,303
252.8,303,303
252.9,303,303
253,303,303
253.1,303,303
253.2,303,303
253.3,303,303
253.4,303,303
253.5,303,303
253.6,304,303
253.7,304,304
253.8,304,304
253.9,304,304
254,304,304
254.1,304,304
254.2,304,304
254.3,304,304
254.4,304,304
254.5,304,304
254.6,305,304
254.7,305,304
254.8,305,304
254.9,305,305
255,305,305
255.1,305,305
255.2,305,305
255.3,305,305
255.4,305,305
255.5,305,305
255.6,306,305
255.7,306,305
255.8,306,305
255.9,306,305
256,306,305
256.1,306,305
256.2,306,306
256.3,306,306
256.4,306,306
256.5,306,306
256.6,307,306
256.7,307,306
256.8,307,306
256.9,307,306
257,307,306
257.1,307,306
257.2,307,306
257.3,307,306
257.4,307,306
257.5,307,307
257.6,308,307
257.7,308,307
257.8,308,307
257.9,308,307
258,308,307
258.1,308,307
258.2,308,307
258.3,308,307
258.4,308,307
258.5,308,307
258.6,309,307
258.7,309,308
258.8,309,308
258.9,309,308
259,309,308
259.1,309,308
259.2,309,308
259.3,309,308
259.4,309,308
259.5,309,308
259.6,310,308
259.7,310,308
259.8,310,308
259.9,310,308
260,310,309
260.1,310,309
260.2,310,309
260.3,310,309
260.4,310,309
260.5,310,309
260.6,311,309
260.7,311,309
260.8,311,309
260.9,311,309
261,311,309
261.1,311,309
261.2,311,310
261.3,311,310
261.4,311,310
261.5,311,310
261.6,312,310
261.7,312,310
261.8,312,310
261.9,312,310
262,312,310
262.1,312,310
262.2,312,310
262.3,312,310
262.4,312,310
262.5,312,311
262.6,313,311
262.7,313,311
262.8,313,311
262.9,313,311
263,313,311
263.1,313,311
263.2,313,311
263.3,313,311
263.4,313,311
263.5,313,311
263.6,314,311
263.7,314,312
263.8,314,312
263.9,314,312
264,314,312
264.1,314,312
264.2,314,312
264.3,314,312
264.4,314,312
264.5,314,312
264.6,315,312
264.7,315,312
264.8,315,312
264.9,315,312
265,315,313
265.1,315,313
265.2,315,313
265.3,315,313
265.4,315,313
265.5,315,313
265.6,316,313
265.7,316,313
265.8,316,313
265.9,316,313
266,316,313
266.1,316,313
266.2,316,314
266.3,316,314
266.4,316,314
266.5,316,314
266.6,317,314
266.7,317,314
266.8,317,314
266.9,317,314
267,317,314
267.1,317,314
267.2,317,314
267.3,317,314
267.4,317,314
267.5,317,315
267.6,318,315
267.7,318,315
267.8,318,315
267.9,318,315
268,318,315
268.1,318,315
268.2,318,315
268.3,318,315
268.4,318,315
268.5,318,315
268.6,319,315
268.7,319,315
268.8,319,316
268.9,319,316
269,319,316
269.1,319,316
269.2,319,316
269.3,319,316
269.4,319,316
269.5,319,316
269.6,320,316
269.7,320,316
269.8,320,316
269.9,320,316
270,320,317
270.1,320,317
270.2,320,317
270.3,320,317
270.4,320,317
270.5,320,317
270.6,321,317
270.7,321,317
270.8,321,317
270.9,321,317
271,321,317
271.1,321,317
271.2,321,317
271.3,321,318
271.4,321,318
271.5,321,318
271.6,322,318
271.7,322,318
271.8,322,318
271.9,322,318
272,322,318
272.1,322,318
272.2,322,318
272.3,322,318
272.4,322,318
272.5,322,319
272.6,323,319
272.7,323,319
272.8,323,319
272.9,323,319
273,323,319
273.1,323,319
273.2,323,319
273.3,323,319
273.4,323,319
273.5,323,319
273.6,324,319
273.7,324,319
273.8,324,320
273.9,324,320
274,324,320
274.1,324,320
274.2,324,320
274.3,324,320
274.4,324,320
274.5,324,320
274.6,325,320
274.7,325,320
274.8,325,320
274.9,325,320
275,325,321
275.1,325,321
275.2,325,321
275.3,325,321
275.4,325,321
275.5,325,321
275.6,326,321
275.7,326,321
275.8,326,321
275.9,326,321
276,326,321
276.1,326,321
276.2,326,321
276.3,326,322
276.4,326,322
276.5,326,322
276.6,327,322
276.7,327,322
276.8,327,322
276.9,327,322
277,327,322
277.1,327,322
277.2,327,322
277.3,327,322
277.4,327,322
277.5,327,323
277.6,328,323
277.7,328,323
277.8,328,323
277.9,328,323
278,328,323
278.1,328,323
278.2,328,323
278.3,328,323
278.4,328,323
278.5,328,323
278.6,329,323
278.7,329,323
278.8,329,324
278.9,329,324
279,329,324
279.1,329,324
279.2,329,324
279.3,329,324
279.4,329,324
279.5,329,324
279.6,330,324
279.7,330,324
279.8,330,324
279.9,330,324
280,330,324
280.1,330,325
280.2,330,325
280.3,330,325
280.4,330,325
280.5,330,325
280.6,331,325
280.7,331,325
280.8,331,325
280.9,331,325
281,331,325
281.1,331,325
281.2,331,325
281.3,331,326
281.4,331,326
281.5,331,326
281.6,332,326
281.7,332,326
281.8,332,326
281.9,332,326
282,332,326
282.1,332,326
282.2,332,326
282.3,332,326
282.4,332,326
282.5,332,326
282.6,333,327
282.7,333,327
282.8,333,327
282.9,333,327
283,333,327
283.1,333,327
283.2,333,327
283.3,333,327
283.4,333,327
283.5,333,327
283.6,334,327
283.7,334,327
283.8,334,328
283.9,334,328
284,334,328
284.1,334,328
284.2,334,328
284.3,334,328
284.4,334,328
284.5,334,328
284.6,335,328
284.7,335,328
284.8,335,328
284.9,335,328
285,335,328
285.1,335,329
285.2,335,329
285.3,335,329
285.4,335,329
285.5,335,329
285.6,336,329
285.7,336,329
285.8,336,329
285.9,336,329
286,336,329
286.1,336,329
286.2,336,329
286.3,336,330
286.4,336,330
286.5,336,330
286.6,337,330
286.7,337,330
286.8,337,330
286.9,337,330
287,337,330
287.1,337,330
287.2,337,330
287.3,337,330
287.4,337,330
287.5,337,330
287.6,338,331
287.7,338,331
287.8,338,331
287.9,338,331
288,338,331
288.1,338,331
288.2,338,331
288.3,338,331
288.4,338,331
288.5,338,331
288.6,339,331
288.7,339,331
288.8,339,331
288.9,339,332
289,339,332
289.1,339,332
289.2,339,332
289.3,339,332
289.4,339,332
289.5,339,332
289.6,340,332
289.7,340,332
289.8,340,332
289.9,340,332
290,340,332
290.1,340,333
290.2,340,333
290.3,340,333
290.4,340,333
290.5,340,333
290.6,341,333
290.7,341,333
290.8,341,333
290.9,341,333
291,341,333
291.1,341,333
291.2,341,333
291.3,341,333
291.4,341,334
291.5,341,334
291.6,342,334
291.7,342,334
291.8,342,334
291.9,342,334
292,342,334
292.1,342,334
292.2,342,334
292.3,342,334
292.4,342,334
292.5,342,334
292.6,343,335
292.7,343,335
292.8,343,335
292.9,343,335
293,343,335
293.1,343,335
293.2,343,335
293.3,343,335
293.4,343,335
293.5,343,335
293.6,344,335
293.7,344,335
293.8,344,335
293.9,344,336
294,344,336
294.1,344,336
294.2,344,336
294.3,344,336
294.4,344,336
294.5,344,336
294.6,345,336
294.7,345,336
294.8,345,336
294.9,345,336
295,345,336
295.1,345,337
295.2,345,337
295.3,345,337
295.4,345,337
295.5,345,337
295.6,346,337
295.7,346,337
295.8,346,337
295.9,346,337
296,346,337
296.1,346,337
296.2,346,337
296.3,346,337
296.4,346,338
296.5,346,338
296.6,347,338
296.7,347,338
296.8,347,338
296.9,347,338
297,347,338
297.1,347,338
297.2,347,338
297.3,347,338
297.4,347,338
297.5,347,338
297.6,348,339
297.7,348,339
297.8,348,339
297.9,348,339
298,348,339
298.1,348,339
298.2,348,339
298.3,348,339
298.4,348,339
298.5,348,339
298.6,349,339
298.7,349,339
298.8,349,339
298.9,349,340
299,349,340
299.1,349,340
299.2,349,340
299.3,349,340
299.4,349,340
299.5,350,340
299.6,350,340
299.7,350,340
299.8,350,340
299.9,350,340
300,350,340
300.1,350,340
300.2,350,341
300.3,350,341
300.4,350,341
300.5,351,341
300.6,351,341
300.7,351,341
300.8,351,341
300.9,351,341
301,351,341
301.1,351,341
301.2,351,341
301.3,351,341
301.4,351,342
301.5,352,342
301.6,352,342
301.7,352,342
301.8,352,342
301.9,352,342
302,352,342
302.1,352,342
302.2,352,342
302.3,352,342
302.4,352,342
302.5,353,342
302.6,353,342
302.7,353,343
302.8,353,343
302.9,353,343
303,353,343
303.1,353,343
303.2,353,343
303.3,353,343
303.4,353,343
303.5,354,343
303.6,354,343
303.7,354,343
303.8,354,343
303.9,354,344
304,354,344
304.1,354,344
304.2,354,344
304.3,354,344
304.4,354,344
304.5,355,344
304.6,355,344
304.7,355,344
304.8,355,344
304.9,355,344
305,355,344
305.1,355,344
305.2,355,345
305.3,355,345
305.4,355,345
305.5,356,345
305.6,356,345
305.7,356,345
305.8,356,345
305.9,356,345
306,356,345
306.1,356,345
306.2,356,345
306.3,356,345
306.4,356,346
306.5,357,346
306.6,357,346
306.7,357,346
306.8,357,346
306.9,357,346
307,357,346
307.1,357,346
307.2,357,346
307.3,357,346
307.4,357,346
307.5,358,346
307.6,358,346
307.7,358,347
307.8,358,347
307.9,358,347
308,358,347
308.1,358,347
308.2,358,347
308.3,358,347
308.4,358,347
308.5,359,347
308.6,359,347
308.7,359,347
308.8,359,347
308.9,359,348
309,359,348
309.1,359,348
309.2,359,348
309.3,359,348
309.4,359,348
309.5,360,348
309.6,360,348
309.7,360,348
309.8,360,348
309.9,360,348
310,360,348
310.1,360,348
310.2,360,349
310.3,360,349
310.4,360,349
310.5,361,349
310.6,361,349
310.7,361,349
310.8,361,349
310.9,361,349
311,361,349
311.1,361,349
311.2,361,349
311.3,361,349
311.4,361,349
311.5,362,350
311.6,362,350
311.7,362,350
311.8,362,350
311.9,362,350
312,362,350
312.1,362,350
312.2,362,350
312.3,362,350
312.4,362,350
312.5,363,350
312.6,363,350
312.7,363,351
312.8,363,351
312.9,363,351
313,363,351
313.1,363,351
313.2,363,351
313.3,363,351
313.4,363,351
313.5,364,351
313.6,364,351
313.7,364,351
313.8,364,351
313.9,364,351
314,364,352
314.1,364,352
314.2,364,352
314.3,364,352
314.4,364,352
314.5,365,352
314.6,365,352
314.7,365,352
314.8,365,352
314.9,365,352
315,365,352
315.1,365,352
315.2,365,353
315.3,365,353
315.4,365,353
315.5,366,353
315.6,366,353
315.7,366,353
315.8,366,353
315.9,366,353
316,366,353
316.1,366,353
316.2,366,353
316.3,366,353
316.4,366,353
316.5,367,354
316.6,367,354
316.7,367,354
316.8,367,354
316.9,367,354
317,367,354
317.1,367,354
317.2,367,354
317.3,367,354
317.4,367,354
317.5,368,354
317.6,368,354
317.7,368,355
317.8,368,355
317.9,368,355
318,368,355
318.1,368,355
318.2,368,355
318.3,368,355
318.4,368,355
318.5,369,355
318.6,369,355
318.7,369,355
318.8,369,355
318.9,369,355
319,369,356
319.1,369,356
319.2,369,356
319.3,369,356
319.4,369,356
319.5,370,356
319.6,370,356
319.7,370,356
319.8,370,356
319.9,370,356
320,370,356
320.1,370,356
320.2,370,357
320.3,370,357
320.4,370,357
320.5,371,357
320.6,371,357
320.7,371,357
320.8,371,357
320.9,371,357
321,371,357
321.1,371,357
321.2,371,357
321.3,371,357
321.4,371,357
321.5,372,358
321.6,372,358
321.7,372,358
321.8,372,358
321.9,372,358
322,372,358
322.1,372,358
322.2,372,358
322.3,372,358
322.4,372,358
322.5,373,358
322.6,373,358
322.7,373,358
322.8,373,359
322.9,373,359
323,373,359
323.1,373,359
323.2,373,359
323.3,373,359
323.4,373,359
323.5,374,359
323.6,374,359
323.7,374,359
323.8,374,359
323.9,374,359
324,374,360
324.1,374,360
324.2,374,360
324.3,374,360
324.4,374,360
324.5,375,360
324.6,375,360
324.7,375,360
324.8,375,360
324.9,375,360
325,375,360
325.1,375,360
325.2,375,360
325.3,375,361
325.4,375,361
325.5,376,361
325.6,376,361
325.7,376,361
325.8,376,361
325.9,376,361
326,376,361
326.1,376,361
326.2,376,361
326.3,376,361
326.4,376,361
326.5,377,362
326.6,377,362
326.7,377,362
326.8,377,362
326.9,377,362
327,377,362
327.1,377,362
327.2,377,362
327.3,377,362
327.4,377,362
327.5,378,362
327.6,378,362
327.7,378,362
327.8,378,363
327.9,378,363
328,378,363
328.1,378,363
328.2,378,363
328.3,378,363
328.4,378,363
328.5,379,363
328.6,379,363
328.7,379,363
328.8,379,363
328.9,379,363
329,379,364
329.1,379,364
329.2,379,364
329.3,379,364
329.4,379,364
329.5,380,364
329.6,380,364
329.7,380,364
329.8,380,364
329.9,380,364
330,380,364
330.1,380,364
330.2,380,364
330.3,380,365
330.4,380,365
330.5,381,365
330.6,381,365
330.7,381,365
330.8,381,365
330.9,381,365
331,381,365
331.1,381,365
331.2,381,365
331.3,381,365
331.4,381,365
331.5,382,366
331.6,382,366
331.7,382,366
331.8,382,366
331.9,382,366
332,382,366
332.1,382,366
332.2,382,366
332.3,382,366
332.4,382,366
332.5,383,366
332.6,383,366
332.7,383,366
332.8,383,367
332.9,383,367
333,383,367
333.1,383,367
333.2,383,367
333.3,383,367
333.4,383,367
333.5,384,367
333.6,384,367
333.7,384,367
333.8,384,367
333.9,384,367
334,384,367
334.1,384,368
334.2,384,368
334.3,384,368
334.4,384,368
334.5,385,368
334.6,385,368
334.7,385,368
334.8,385,368
334.9,385,368
335,385,368
335.1,385,368
335.2,385,368
335.3,385,369
335.4,385,369
335.5,386,369
335.6,386,369
335.7,386,369
335.8,386,369
335.9,386,369
336,386,369
336.1,386,369
336.2,386,369
336.3,386,369
336.4,386,369
336.5,387,369
336.6,387,370
336.7,387,370
336.8,387,370
336.9,387,370
337,387,370
337.1,387,370
337.2,387,370
337.3,387,370
337.4,387,370
337.5,388,370
337.6,388,370
337.7,388,370
337.8,388,371
337.9,388,371
338,388,371
338.1,388,371
338.2,388,371
338.3,388,371
338.4,388,371
338.5,389,371
338.6,389,371
338.7,389,371
338.8,389,371
338.9,389,371
339,389,371
339.1,389,372
339.2,389,372
339.3,389,372
339.4,389,372
339.5,390,372
339.6,390,372
339.7,390,372
339.8,390,372
339.9,390,372
340,390,372
340.1,390,372
340.2,390,372
340.3,390,373
340.4,390,373
340.5,391,373
340.6,391,373
340.7,391,373
340.8,391,373
340.9,391,373
341,391,373
341.1,391,373
341.2,391,373
341.3,391,373
341.4,391,373
341.5,392,373
341.6,392,374
341.7,392,374
341.8,392,374
341.9,392,374
342,392,374
342.1,392,374
342.2,392,374
342.3,392,374
342.4,392,374
342.5,393,374
342.6,393,374
342.7,393,374
342.8,393,375
342.9,393,375
343,393,375
343.1,393,375
343.2,393,375
343.3,393,375
343.4,393,375
343.5,394,375
343.6,394,375
343.7,394,375
343.8,394,375
343.9,394,375
344,394,375
344.1,394,376
344.2,394,376
344.3,394,376
344.4,394,376
344.5,395,376
344.6,395,376
344.7,395,376
344.8,395,376
344.9,395,376
345,395,376
345.1,395,376
345.2,395,376
345.3,395,376
345.4,395,377
345.5,396,377
345.6,396,377
345.7,396,377
345.8,396,377
345.9,396,377
346,396,377
346.1,396,377
346.2,396,377
346.3,396,377
346.4,396,377
346.5,397,377
346.6,397,378
346.7,397,378
346.8,397,378
346.9,397,378
347,397,378
347.1,397,378
347.2,397,378
347.3,397,378
347.4,397,378
347.5,398,378
347.6,398,378
347.7,398,378
347.8,398,378
347.9,398,379
348,398,379
348.1,398,379
348.2,398,379
348.3,398,379
348.4,398,379
348.5,399,379
348.6,399,379
348.7,399,379
348.8,399,379
348.9,399,379
349,399,379
349.1,399,380
349.2,399,380
349.3,399,380
349.4,399,380
349.5,400,380
349.6,400,380
349.7,400,380
349.8,400,380
349.9,400,380
350,400,380
350.1,400,380
350.2,400,380
350.3,401,380
350.4,401,381
350.5,401,381
350.6,401,381
350.7,401,381
350.8,401,381
350.9,401,381
351,401,381
351.1,401,381
351.2,401,381
351.3,401,381
351.4,401,381
351.5,401,381
351.6,401,382
351.7,401,382
351.8,402,382
351.9,402,382
352,402,382
352.1,402,382
352.2,402,382
352.3,402,382
352.4,402,382
352.5,402,382
352.6,402,382
352.7,402,382
352.8,402,382
352.9,402,383
353,402,383
353.1,402,383
353.2,402,383
353.3,403,383
353.4,403,383
353.5,403,383
353.6,403,383
353.7,403,383
353.8,403,383
353.9,403,383
354,403,383
354.1,403,383
354.2,403,384
354.3,403,384
354.4,403,384
354.5,403,384
354.6,403,384
354.7,403,384
354.8,404,384
354.9,404,384
355,404,384
355.1,404,384
355.2,404,384
355.3,404,384
355.4,404,385
355.5,404,385
355.6,404,385
355.7,404,385
355.8,404,385
355.9,404,385
356,404,385
356.1,404,385
356.2,404,385
356.3,405,385
356.4,405,385
356.5,405,385
356.6,405,385
356.7,405,386
356.8,405,386
356.9,405,386
357,405,386
357.1,405,386
357.2,405,386
357.3,405,386
357.4,405,386
357.5,405,386
357.6,405,386
357.7,405,386
357.8,406,386
357.9,406,387
358,406,387
358.1,406,387
358.2,406,387
358.3,406,387
358.4,406,387
358.5,406,387
358.6,406,387
358.7,406,387
358.8,406,387
358.9,406,387
359,406,387
359.1,406,387
359.2,406,388
359.3,407,388
359.4,407,388
359.5,407,388
359.6,407,388
359.7,407,388
359.8,407,388
359.9,407,388
360,407,388
360.1,407,388
360.2,407,388
360.3,407,388
360.4,407,389
360.5,407,389
360.6,407,389
360.7,407,389
360.8,408,389
360.9,408,389
361,408,389
361.1,408,389
361.2,408,389
361.3,408,389
361.4,408,389
361.5,408,389
361.6,408,389
361.7,408,390
361.8,408,390
361.9,408,390
362,408,390
362.1,408,390
362.2,408,390
362.3,409,390
362.4,409,390
362.5,409,390
362.6,409,390
362.7,409,390
362.8,409,390
362.9,409,391
363,409,391
363.1,409,391
363.2,409,391
363.3,409,391
363.4,409,391
363.5,409,391
363.6,409,391
363.7,409,391
363.8,410,391
363.9,410,391
364,410,391
364.1,410,391
364.2,410,392
364.3,410,392
364.4,410,392
364.5,410,392
364.6,410,392
364.7,410,392
364.8,410,392
364.9,410,392
365,410,392
365.1,410,392
365.2,410,392
365.3,411,392
365.4,411,392
365.5,411,393
365.6,411,393
365.7,411,393
365.8,411,393
365.9,411,393
366,411,393
366.1,411,393
366.2,411,393
366.3,411,393
366.4,411,393
366.5,411,393
366.6,411,393
366.7,411,394
366.8,411,394
366.9,412,394
367,412,394
367.1,412,394
367.2,412,394
367.3,412,394
367.4,412,394
367.5,412,394
367.6,412,394
367.7,412,394
367.8,412,394
367.9,412,394
368,412,395
368.1,412,395
368.2,412,395
368.3,412,395
368.4,413,395
368.5,413,395
368.6,413,395
368.7,413,395
368.8,413,395
368.9,413,395
369,413,395
369.1,413,395
369.2,413,396
369.3,413,396
369.4,413,396
369.5,413,396
369.6,413,396
369.7,413,396
369.8,413,396
369.9,414,396
370,414,396
370.1,414,396
370.2,414,396
370.3,414,396
370.4,414,396
370.5,414,397
370.6,414,397
370.7,414,397
370.8,414,397
370.9,414,397
371,414,397
371.1,414,397
371.2,414,397
371.3,414,397
371.4,415,397
371.5,415,397
371.6,415,397
371.7,415,398
371.8,415,398
371.9,415,398
372,415,398
372.1,415,398
372.2,415,398
372.3,415,398
372.4,415,398
372.5,415,398
372.6,415,398
372.7,415,398
372.8,415,398
372.9,416,398
373,416,399
373.1,416,399
373.2,416,399
373.3,416,399
373.4,416,399
373.5,416,399
373.6,416,399
373.7,416,399
373.8,416,399
373.9,416,399
374,416,399
374.1,416,399
374.2,416,400
374.3,416,400
374.4,417,400
374.5,417,400
374.6,417,400
374.7,417,400
374.8,417,400
374.9,417,400
375,417,400
375.1,417,400
375.2,417,400
375.3,417,400
375.4,417,400
375.5,417,401
375.6,417,401
375.7,417,401
375.8,417,401
375.9,418,401
376,418,401
376.1,418,401
376.2,418,401
376.3,418,401
376.4,418,401
376.5,418,401
376.6,418,401
376.7,418,401
376.8,418,402
376.9,418,402
377,418,402
377.1,418,402
377.2,418,402
377.3,418,402
377.4,419,402
377.5,419,402
377.6,419,402
377.7,419,402
377.8,419,402
377.9,419,402
378,419,403
378.1,419,403
378.2,419,403
378.3,419,403
378.4,419,403
378.5,419,403
378.6,419,403
378.7,419,403
378.8,419,403
378.9,420,403
379,420,403
379.1,420,403
379.2,420,403
379.3,420,404
379.4,420,404
379.5,420,404
379.6,420,404
379.7,420,404
379.8,420,404
379.9,420,404
380,420,404
380.1,420,404
380.2,420,404
380.3,420,404
380.4,421,404
380.5,421,405
380.6,421,405
380.7,421,405
380.8,421,405
380.9,421,405
381,421,405
381.1,421,405
381.2,421,405
381.3,421,405
381.4,421,405
381.5,421,405
381.6,421,405
381.7,421,405
381.8,421,406
381.9,422,406
382,422,406
382.1,422,406
382.2,422,406
382.3,422,406
382.4,422,406
382.5,422,406
382.6,422,406
382.7,422,406
382.8,422,406
382.9,422,406
383,422,407
383.1,422,407
383.2,422,407
383.3,422,407
383.4,423,407
383.5,423,407
383.6,423,407
383.7,423,407
383.8,423,407
383.9,423,407
384,423,407
384.1,423,407
384.2,423,407
384.3,423,408
384.4,423,408
384.5,423,408
384.6,423,408
384.7,423,408
384.8,423,408
384.9,424,408
385,424,408
385.1,424,408
385.2,424,408
385.3,424,408
385.4,424,408
385.5,424,409
385.6,424,409
385.7,424,409
385.8,424,409
385.9,424,409
386,424,409
386.1,424,409
386.2,424,409
386.3,424,409
386.4,425,409
386.5,425,409
386.6,425,409
386.7,425,409
386.8,425,410
386.9,425,410
387,425,410
387.1,425,410
387.2,425,410
387.3,425,410
387.4,425,410
387.5,425,410
387.6,425,410
387.7,425,410
387.8,425,410
387.9,426,410
388,426,410
388.1,426,411
388.2,426,411
388.3,426,411
388.4,426,411
388.5,426,411
388.6,426,411
388.7,426,411
388.8,426,411
388.9,426,411
389,426,411
389.1,426,411
389.2,426,411
389.3,426,412
389.4,427,412
389.5,427,412
389.6,427,412
389.7,427,412
389.8,427,412
389.9,427,412
390,427,412
390.1,427,412
390.2,427,412
390.3,427,412
390.4,427,412
390.5,427,412
390.6,427,413
390.7,427,413
390.8,427,413
390.9,428,413
391,428,413
391.1,428,413
391.2,428,413
391.3,428,413
391.4,428,413
391.5,428,413
391.6,428,413
391.7,428,413
391.8,428,414
391.9,428,414
392,428,414
392.1,428,414
392.2,428,414
392.3,428,414
392.4,429,414
392.5,429,414
392.6,429,414
392.7,429,414
392.8,429,414
392.9,429,414
393,429,414
393.1,429,415
393.2,429,415
393.3,429,415
393.4,429,415
393.5,429,415
393.6,429,415
393.7,429,415
393.8,429,415
393.9,430,415
394,430,415
394.1,430,415
394.2,430,415
394.3,430,416
394.4,430,416
394.5,430,416
394.6,430,416
394.7,430,416
394.8,430,416
394.9,430,416
395,430,416
395.1,430,416
395.2,430,416
395.3,430,416
395.4,431,416
395.5,431,416
395.6,431,417
395.7,431,417
395.8,431,417
395.9,431,417
396,431,417
396.1,431,417
396.2,431,417
396.3,431,417
396.4,431,417
396.5,431,417
396.6,431,417
396.7,431,417
396.8,431,418
396.9,431,418
397,432,418
397.1,432,418
397.2,432,418
397.3,432,418
397.4,432,418
397.5,432,418
397.6,432,418
397.7,432,418
397.8,432,418
397.9,432,418
398,432,418
398.1,432,419
398.2,432,419
398.3,432,419
398.4,432,419
398.5,433,419
398.6,433,419
398.7,433,419
398.8,433,419
398.9,433,419
399,433,419
399.1,433,419
399.2,433,419
399.3,433,419
399.4,433,420
399.5,433,420
399.6,433,420
399.7,433,420
399.8,433,420
399.9,433,420
400,434,420
400.1,434,420
400.2,434,420
400.3,434,420
400.4,434,420
400.5,434,420
400.6,434,421
400.7,434,421
400.8,434,421
400.9,434,421
401,434,421
401.1,434,421
401.2,434,421
401.3,434,421
401.4,434,421
401.5,435,421
401.6,435,421
401.7,435,421
401.8,435,421
401.9,435,422
402,435,422
402.1,435,422
402.2,435,422
402.3,435,422
402.4,435,422
402.5,435,422
402.6,435,422
402.7,435,422
402.8,435,422
402.9,435,422
403,436,422
403.1,436,423
403.2,436,423
403.3,436,423
403.4,436,423
403.5,436,423
403.6,436,423
403.7,436,423
403.8,436,423
403.9,436,423
404,436,423
404.1,436,423
404.2,436,423
404.3,436,423
404.4,436,424
404.5,437,424
404.6,437,424
404.7,437,424
404.8,437,424
404.9,437,424
405,437,424
405.1,437,424
405.2,437,424
405.3,437,424
405.4,437,424
405.5,437,424
405.6,437,425
405.7,437,425
405.8,437,425
405.9,437,425
406,438,425
406.1,438,425
406.2,438,425
406.3,438,425
406.4,438,425
406.5,438,425
406.6,438,425
406.7,438,425
406.8,438,425
406.9,438,426
407,438,426
407.1,438,426
407.2,438,426
407.3,438,426
407.4,438,426
407.5,439,426
407.6,439,426
407.7,439,426
407.8,439,426
407.9,439,426
408,439,426
408.1,439,426
408.2,439,427
408.3,439,427
408.4,439,427
408.5,439,427
408.6,439,427
408.7,439,427
408.8,439,427
408.9,439,427
409,440,427
409.1,440,427
409.2,440,427
409.3,440,427
409.4,440,428
409.5,440,428
409.6,440,428
409.7,440,428
409.8,440,428
409.9,440,428
410,440,428
410.1,440,428
410.2,440,428
410.3,440,428
410.4,440,428
410.5,441,428
410.6,441,428
410.7,441,429
410.8,441,429
410.9,441,429
411,441,429
411.1,441,429
411.2,441,429
411.3,441,429
411.4,441,429
411.5,441,429
411.6,441,429
411.7,441,429
411.8,441,429
411.9,441,430
412,442,430
412.1,442,430
412.2,442,430
412.3,442,430
412.4,442,430
412.5,442,430
412.6,442,430
412.7,442,430
412.8,442,430
412.9,442,430
413,442,430
413.1,442,430
413.2,442,431
413.3,442,431
413.4,442,431
413.5,443,431
413.6,443,431
413.7,443,431
413.8,443,431
413.9,443,431
414,443,431
414.1,443,431
414.2,443,431
414.3,443,431
414.4,443,432
414.5,443,432
414.6,443,432
414.7,443,432
414.8,443,432
414.9,443,432
415,444,432
415.1,444,432
415.2,444,432
415.3,444,432
415.4,444,432
415.5,444,432
415.6,444,432
415.7,444,433
415.8,444,433
415.9,444,433
416,444,433
416.1,444,433
416.2,444,433
416.3,444,433
416.4,444,433
416.5,445,433
416.6,445,433
416.7,445,433
416.8,445,433
416.9,445,434
417,445,434
417.1,445,434
417.2,445,434
417.3,445,434
417.4,445,434
417.5,445,434
417.6,445,434
417.7,445,434
417.8,445,434
417.9,445,434
418,446,434
418.1,446,434
418.2,446,435
418.3,446,435
418.4,446,435
418.5,446,435
418.6,446,435
418.7,446,435
418.8,446,435
418.9,446,435
419,446,435
419.1,446,435
419.2,446,435
419.3,446,435
419.4,446,435
419.5,447,436
419.6,447,436
419.7,447,436
419.8,447,436
419.9,447,436
420,447,436
420.1,447,436
420.2,447,436
420.3,447,436
420.4,447,436
420.5,447,436
420.6,447,436
420.7,447,437
420.8,447,437
420.9,447,437
421,448,437
421.1,448,437
421.2,448,437
421.3,448,437
421.4,448,437
421.5,448,437
421.6,448,437
421.7,448,437
421.8,448,437
421.9,448,437
422,448,438
422.1,448,438
422.2,448,438
422.3,448,438
422.4,448,438
422.5,449,438
422.6,449,438
422.7,449,438
422.8,449,438
422.9,449,438
423,449,438
423.1,449,438
423.2,449,439
423.3,449,439
423.4,449,439
423.5,449,439
423.6,449,439
423.7,449,439
423.8,449,439
423.9,449,439
424,450,439
424.1,450,439
424.2,450,439
424.3,450,439
424.4,450,439
424.5,450,440
424.6,450,440
424.7,450,440
424.8,450,440
424.9,450,440
425,450,440
425.1,450,440
425.2,450,440
425.3,450,440
425.4,450,440
425.5,451,440
425.6,451,440
425.7,451,441
425.8,451,441
425.9,451,441
426,451,441
426.1,451,441
426.2,451,441
426.3,451,441
426.4,451,441
426.5,451,441
426.6,451,441
426.7,451,441
426.8,451,441
426.9,451,441
427,451,442
427.1,452,442
427.2,452,442
427.3,452,442
427.4,452,442
427.5,452,442
427.6,452,442
427.7,452,442
427.8,452,442
427.9,452,442
428,452,442
428.1,452,442
428.2,452,443
428.3,452,443
428.4,452,443
428.5,452,443
428.6,453,443
428.7,453,443
428.8,453,443
428.9,453,443
429,453,443
429.1,453,443
429.2,453,443
429.3,453,443
429.4,453,443
429.5,453,444
429.6,453,444
429.7,453,444
429.8,453,444
429.9,453,444
430,453,444
430.1,454,444
430.2,454,444
430.3,454,444
430.4,454,444
430.5,454,444
430.6,454,444
430.7,454,444
430.8,454,445
430.9,454,445
431,454,445
431.1,454,445
431.2,454,445
431.3,454,445
431.4,454,445
431.5,454,445
431.6,455,445
431.7,455,445
431.8,455,445
431.9,455,445
432,455,446
432.1,455,446
432.2,455,446
432.3,455,446
432.4,455,446
432.5,455,446
432.6,455,446
432.7,455,446
432.8,455,446
432.9,455,446
433,455,446
433.1,456,446
433.2,456,446
433.3,456,447
433.4,456,447
433.5,456,447
433.6,456,447
433.7,456,447
433.8,456,447
433.9,456,447
434,456,447
434.1,456,447
434.2,456,447
434.3,456,447
434.4,456,447
434.5,456,448
434.6,457,448
434.7,457,448
434.8,457,448
434.9,457,448
435,457,448
435.1,457,448
435.2,457,448
435.3,457,448
435.4,457,448
435.5,457,448
435.6,457,448
435.7,457,448
435.8,457,449
435.9,457,449
436,457,449
436.1,458,449
436.2,458,449
436.3,458,449
436.4,458,449
436.5,458,449
436.6,458,449
436.7,458,449
436.8,458,449
436.9,458,449
437,458,450
437.1,458,450
437.2,458,450
437.3,458,450
437.4,458,450
437.5,458,450
437.6,459,450
437.7,459,450
437.8,459,450
437.9,459,450
438,459,450
438.1,459,450
438.2,459,450
438.3,459,451
438.4,459,451
438.5,459,451
438.6,459,451
438.7,459,451
438.8,459,451
438.9,459,451
439,459,451
439.1,460,451
439.2,460,451
439.3,460,451
439.4,460,451
439.5,460,452
439.6,460,452
439.7,460,452
439.8,460,452
439.9,460,452
440,460,452
440.1,460,452
440.2,460,452
440.3,460,452
440.4,460,452
440.5,460,452
440.6,461,452
440.7,461,452
440.8,461,453
440.9,461,453
441,461,453
441.1,461,453
441.2,461,453
441.3,461,453
441.4,461,453
441.5,461,453
441.6,461,453
441.7,461,453
441.8,461,453
441.9,461,453
442,461,453
442.1,462,454
442.2,462,454
442.3,462,454
442.4,462,454
442.5,462,454
442.6,462,454
442.7,462,454
442.8,462,454
442.9,462,454
443,462,454
443.1,462,454
443.2,462,454
443.3,462,455
443.4,462,455
443.5,462,455
443.6,463,455
443.7,463,455
443.8,463,455
443.9,463,455
444,463,455
444.1,463,455
444.2,463,455
444.3,463,455
444.4,463,455
444.5,463,455
444.6,463,456
444.7,463,456
444.8,463,456
444.9,463,456
445,463,456
445.1,464,456
445.2,464,456
445.3,464,456
445.4,464,456
445.5,464,456
445.6,464,456
445.7,464,456
445.8,464,457
445.9,464,457
446,464,457
446.1,464,457
446.2,464,457
446.3,464,457
446.4,464,457
446.5,464,457
446.6,465,457
446.7,465,457
446.8,465,457
446.9,465,457
447,465,457
447.1,465,458
447.2,465,458
447.3,465,458
447.4,465,458
447.5,465,458
447.6,465,458
447.7,465,458
447.8,465,458
447.9,465,458
448,465,458
448.1,466,458
448.2,466,458
448.3,466,459
448.4,466,459
448.5,466,459
448.6,466,459
448.7,466,459
448.8,466,459
448.9,466,459
449,466,459
449.1,466,459
449.2,466,459
449.3,466,459
449.4,466,459
449.5,466,459
449.6,467,460
449.7,467,460
449.8,467,460
449.9,467,460
450,467,460
450.1,467,460
450.2,467,460
450.3,467,460
450.4,467,460
450.5,467,460
450.6,467,460
450.7,467,460
450.8,467,461
450.9,467,461
451,467,461
451.1,468,461
451.2,468,461
451.3,468,461
451.4,468,461
451.5,468,461
451.6,468,461
451.7,468,461
451.8,468,461
451.9,468,461
452,468,461
452.1,468,462
452.2,468,462
452.3,468,462
452.4,468,462
452.5,468,462
452.6,469,462
452.7,469,462
452.8,469,462
452.9,469,462
453,469,462
453.1,469,462
453.2,469,462
453.3,469,462
453.4,469,463
453.5,469,463
453.6,469,463
453.7,469,463
453.8,469,463
453.9,469,463
454,469,463
454.1,470,463
454.2,470,463
454.3,470,463
454.4,470,463
454.5,470,463
454.6,470,464
454.7,470,464
454.8,470,464
454.9,470,464
455,470,464
455.1,470,464
455.2,470,464
455.3,470,464
455.4,470,464
455.5,470,464
455.6,470,464
455.7,471,464
455.8,471,464
455.9,471,465
456,471,465
456.1,471,465
456.2,471,465
456.3,471,465
456.4,471,465
456.5,471,465
456.6,471,465
456.7,471,465
456.8,471,465
456.9,471,465
457,471,465
457.1,471,466
457.2,472,466
457.3,472,466
457.4,472,466
457.5,472,466
457.6,472,466
457.7,472,466
457.8,472,466
457.9,472,466
458,472,466
458.1,472,466
458.2,472,466
458.3,472,466
458.4,472,467
458.5,472,467
458.6,472,467
458.7,473,467
458.8,473,467
458.9,473,467
459,473,467
459.1,473,467
459.2,473,467
459.3,473,467
459.4,473,467
459.5,473,467
459.6,473,468
459.7,473,468
459.8,473,468
459.9,473,468
460,473,468
460.1,473,468
460.2,474,468
460.3,474,468
460.4,474,468
460.5,474,468
460.6,474,468
460.7,474,468
460.8,474,468
460.9,474,469
461,474,469
461.1,474,469
461.2,474,469
461.3,474,469
461.4,474,469
461.5,474,469
461.6,474,469
461.7,475,469
461.8,475,469
461.9,475,469
462,475,469
462.1,475,470
462.2,475,470
462.3,475,470
462.4,475,470
462.5,475,470
462.6,475,470
462.7,475,470
462.8,475,470
462.9,475,470
463,475,470
463.1,475,470
463.2,476,470
463.3,476,470
463.4,476,471
463.5,476,471
463.6,476,471
463.7,476,471
463.8,476,471
463.9,476,471
464,476,471
464.1,476,471
464.2,476,471
464.3,476,471
464.4,476,471
464.5,476,471
464.6,476,471
464.7,477,472
464.8,477,472
464.9,477,472
465,477,472
465.1,477,472
465.2,477,472
465.3,477,472
465.4,477,472
465.5,477,472
465.6,477,472
465.7,477,472
465.8,477,472
465.9,477,473
466,477,473
466.1,477,473
466.2,478,473
466.3,478,473
466.4,478,473
466.5,478,473
466.6,478,473
466.7,478,473
466.8,478,473
466.9,478,473
467,478,473
467.1,478,473
467.2,478,474
467.3,478,474
467.4,478,474
467.5,478,474
467.6,478,474
467.7,479,474
467.8,479,474
467.9,479,474
468,479,474
468.1,479,474
468.2,479,474
468.3,479,474
468.4,479,475
468.5,479,475
468.6,479,475
468.7,479,475
468.8,479,475
468.9,479,475
469,479,475
469.1,479,475
469.2,480,475
469.3,480,475
469.4,480,475
469.5,480,475
469.6,480,475
469.7,480,476
469.8,480,476
469.9,480,476
470,480,476
470.1,480,476
470.2,480,476
470.3,480,476
470.4,480,476
470.5,480,476
470.6,480,476
470.7,481,476
470.8,481,476
470.9,481,477
471,481,477
471.1,481,477
471.2,481,477
471.3,481,477
471.4,481,477
471.5,481,477
471.6,481,477
471.7,481,477
471.8,481,477
471.9,481,477
472,481,477
472.1,481,477
472.2,482,478
472.3,482,478
472.4,482,478
472.5,482,478
472.6,482,478
472.7,482,478
472.8,482,478
472.9,482,478
473,482,478
473.1,482,478
473.2,482,478
473.3,482,478
473.4,482,478
473.5,482,479
473.6,482,479
473.7,483,479
473.8,483,479
473.9,483,479
474,483,479
474.1,483,479
474.2,483,479
474.3,483,479
474.4,483,479
474.5,483,479
474.6,483,479
474.7,483,480
474.8,483,480
474.9,483,480
475,483,480
475.1,483,480
475.2,484,480
475.3,484,480
475.4,484,480
475.5,484,480
475.6,484,480
475.7,484,480
475.8,484,480
475.9,484,480
476,484,481
476.1,484,481
476.2,484,481
476.3,484,481
476.4,484,481
476.5,484,481
476.6,484,481
476.7,485,481
476.8,485,481
476.9,485,481
477,485,481
477.1,485,481
477.2,485,482
477.3,485,482
477.4,485,482
477.5,485,482
477.6,485,482
477.7,485,482
477.8,485,482
477.9,485,482
478,485,482
478.1,485,482
478.2,486,482
478.3,486,482
478.4,486,482
478.5,486,483
478.6,486,483
478.7,486,483
478.8,486,483
478.9,486,483
479,486,483
479.1,486,483
479.2,486,483
479.3,486,483
479.4,486,483
479.5,486,483
479.6,486,483
479.7,487,484
479.8,487,484
479.9,487,484
480,487,484
480.1,487,484
480.2,487,484
480.3,487,484
480.4,487,484
480.5,487,484
480.6,487,484
480.7,487,484
480.8,487,484
480.9,487,484
481,487,485
481.1,487,485
481.2,488,485
481.3,488,485
481.4,488,485
481.5,488,485
481.6,488,485
481.7,488,485
481.8,488,485
481.9,488,485
482,488,485
482.1,488,485
482.2,488,486
482.3,488,486
482.4,488,486
482.5,488,486
482.6,488,486
482.7,489,486
482.8,489,486
482.9,489,486
483,489,486
483.1,489,486
483.2,489,486
483.3,489,486
483.4,489,486
483.5,489,487
483.6,489,487
483.7,489,487
483.8,489,487
483.9,489,487
484,489,487
484.1,489,487
484.2,490,487
484.3,490,487
484.4,490,487
484.5,490,487
484.6,490,487
484.7,490,487
484.8,490,488
484.9,490,488
485,490,488
485.1,490,488
485.2,490,488
485.3,490,488
485.4,490,488
485.5,490,488
485.6,490,488
485.7,490,488
485.8,491,488
485.9,491,488
486,491,489
486.1,491,489
486.2,491,489
486.3,491,489
486.4,491,489
486.5,491,489
486.6,491,489
486.7,491,489
486.8,491,489
486.9,491,489
487,491,489
487.1,491,489
487.2,491,489
487.3,492,490
487.4,492,490
487.5,492,490
487.6,492,490
487.7,492,490
487.8,492,490
487.9,492,490
488,492,490
488.1,492,490
488.2,492,490
488.3,492,490
488.4,492,490
488.5,492,491
488.6,492,491
488.7,492,491
488.8,493,491
488.9,493,491
489,493,491
489.1,493,491
489.2,493,491
489.3,493,491
489.4,493,491
489.5,493,491
489.6,493,491
489.7,493,491
489.8,493,492
489.9,493,492
490,493,492
490.1,493,492
490.2,493,492
490.3,494,492
490.4,494,492
490.5,494,492
490.6,494,492
490.7,494,492
490.8,494,492
490.9,494,492
491,494,493
491.1,494,493
491.2,494,493
491.3,494,493
491.4,494,493
491.5,494,493
491.6,494,493
491.7,494,493
491.8,495,493
491.9,495,493
492,495,493
492.1,495,493
492.2,495,493
492.3,495,494
492.4,495,494
492.5,495,494
492.6,495,494
492.7,495,494
492.8,495,494
492.9,495,494
493,495,494
493.1,495,494
493.2,495,494
493.3,496,494
493.4,496,494
493.5,496,495
493.6,496,495
493.7,496,495
493.8,496,495
493.9,496,495
494,496,495
494.1,496,495
494.2,496,495
494.3,496,495
494.4,496,495
494.5,496,495
494.6,496,495
494.7,496,495
494.8,497,496
494.9,497,496
495,497,496
495.1,497,496
495.2,497,496
495.3,497,496
495.4,497,496
495.5,497,496
495.6,497,496
495.7,497,496
495.8,497,496
495.9,497,496
496,497,496
496.1,497,497
496.2,497,497
496.3,498,497
496.4,498,497
496.5,498,497
496.6,498,497
496.7,498,497
496.8,498,497
496.9,498,497
497,498,497
497.1,498,497
497.2,498,497
497.3,498,498
497.4,498,498
497.5,498,498
497.6,498,498
497.7,498,498
497.8,499,498
497.9,499,498
498,499,498
498.1,499,498
498.2,499,498
498.3,499,498
498.4,499,498
498.5,499,498
498.6,499,499
498.7,499,499
498.8,499,499
498.9,499,499
499,499,499
499.1,499,499
499.2,499,499
499.3,500,499
499.4,500,499
499.5,500,499
499.6,500,499
499.7,500,499
499.8,500,500
499.9,500,500
500,500,500
